"","y1","y90"
"1",-0.0644811373427823,-0.105110099984359
"2",-0.0638708637770057,-0.369129701378454
"3",-0.0530385079844713,-0.423154168788826
"4",-0.0528859395930272,-0.415388437664319
"5",-0.104865990558048,-0.331140171908862
"6",-0.104011607565961,-0.0945981378138568
"7",-0.0565323241485423,0.0206520250830514
"8",-0.115362695889405,-0.202982723095779
"9",-0.166762986966938,-0.425991940869688
"10",-0.0719264748452567,-0.274705123913672
"11",0.021811544858027,0.0904520641687485
"12",-0.0927673171165271,0.189316381824555
"13",-0.209848300710765,-0.0710110644965918
"14",-0.0295429757020728,-0.192119853624955
"15",0.100536834843207,-0.0165136350727427
"16",-0.00328595553453515,0.0480685650255646
"17",-0.0364390669953482,-0.0829266558683796
"18",-0.0663424717184009,-0.215172937572166
"19",-0.0816603382193932,-0.217385179248106
"20",-0.00665771698545079,0.0300960085134441
"21",-0.0681885492548751,0.245659888784879
"22",-0.113959066688119,0.106151351648351
"23",-0.0605906433609566,-0.0363932964779149
"24",-0.11054153471977,0.00565455220409184
"25",-0.115210127497961,-0.078669997747088
"26",-0.0713162012794801,-0.100227911458146
"27",-0.118810741536043,0.183106848292779
"28",-0.135105045742278,0.310898132966396
"29",-0.103035169860718,0.118219511411583
"30",-0.0897769766442218,0.0594806807055867
"31",-0.10781056051292,0.301942368388624
"32",-0.12578311702504,0.457699439213954
"33",-0.114111635079563,0.189118042915678
"34",-0.162735181432813,-0.0292988662757621
"35",-0.185681467506012,0.216687151249635
"36",-0.0803177363746847,0.26401386627561
"37",-0.0605906433609566,0.00934670727704018
"38",-0.125844144381618,0.1947935870774
"39",-0.0998464904795355,0.463710633836853
"40",-0.104393028544571,0.238000955534383
"41",-0.152314760297177,0.0456579844407471
"42",-0.0840861756433551,0.233942636321968
"43",0.018317728693956,0.436782312746961
"44",0.0300960085134441,0.336132944911258
"45",-0.0480647784233922,0.0586110408743551
"46",-0.0823011254634586,-0.00116525489346151
"47",0.0509215939455701,0.162189721825786
"48",0.0958224715475824,0.278813000245692
"49",-0.035844050268716,0.321181242549731
"50",-0.0492090413592233,0.2405488476715
"51",0.00370167679360676,0.0774684940568516
"52",0.0752562523809115,0.0827778740791079
"53",0.161884585042898,0.118341566124738
"54",0.02081985031364,-0.000173560349074561
"55",-0.0516043651048963,-0.00206540840298198
"56",0.131904896124123,0.0867751659349445
"57",0.156636232377219,0.0100790355559721
"58",0.0944340991854407,0.0255189567701197
"59",0.0908945125039365,0.222881427942268
"60",0.063355917848268,0.178056834535977
"61",0.143393295999867,-0.100914469219645
"62",0.230235224409876,-0.151048442648191
"63",0.226771921924093,0.120019818430624
"64",0.183411985075667,0.257575480156667
"65",0.0643933829100882,0.0066615035876232
"66",0.0191110843294656,-0.175703494705565
"67",0.0507842823932704,-0.0913636879152409
"68",0.0444221804700495,-0.135211843616289
"69",0.0211402439356727,-0.210534858472264
"70",-0.0313432827211137,-0.0892735009524561
"71",0.00823295801949791,-0.0789141071733986
"72",0.0481448492212866,-0.251057023239829
"73",-0.0266899467820672,-0.272569166433454
"74",0.0375718596942073,-0.00404879749175588
"75",0.100613119038929,0.20536657660448
"76",0.0493501395136954,0.0258851209095857
"77",0.101528529387594,-0.195842522376192
"78",0.117700778880673,-0.29391348439649
"79",0.105983526417763,-0.527648260088922
"80",0.116053040253076,-0.510301233981723
"81",0.0386245815951719,0.0472294388726218
"82",0.0829151856314076,0.487907980719895
"83",0.138419566438788,0.254768221754094
"84",0.0667429361383281,-0.272813275859764
"85",0.121072540331589,-0.30953648768037
"86",0.120019818430624,-0.0156287384023666
"87",0.0384262426862945,-0.0928436013122492
"88",0.143088159216979,-0.289199121100866
"89",0.138190713851622,-0.313396467983907
"90",-0.0398565989636971,-0.35895338966913
"91",-0.0574172208189183,-0.162780951950246
"92",0.00835501273265323,0.240045371979734
"93",0.0231236330244466,0.256507501416558
"94",0.00856860848067503,-0.143252197845395
"95",-0.0290700136885959,-0.445627492848549
"96",-0.0367136900999476,-0.34616815846611
"97",-0.0761068487708263,-0.0911348353280747
"98",-0.143313225201973,0.0357562958360219
"99",-0.124333717306321,0.0159071481091385
"100",-0.154862652434295,-0.125447466563863
"101",-0.216729135164896,-0.0672731389062102
"102",-0.166106942883728,0.163242443726751
"103",-0.196010347606781,0.0433847154082293
"104",-0.211511296177506,-0.154527001973118
"105",-0.0509940915391198,-0.110968726215814
"106",-0.0435029835192122,-0.124730395124076
"107",-0.153321711680709,-0.0954525208059441
"108",-0.144045553480905,0.0364428535975206
"109",-0.130314398250932,0.127419385415665
"110",-0.114294717149296,0.230021628661854
"111",-0.0967798658115081,0.0782160791749279
"112",-0.0986106865088379,-0.266512201293121
"113",-0.100731387149912,-0.21401341779719
"114",-0.158325954920077,0.14281353611238
"115",-0.129124364797667,0.190720011025842
"116",-0.0620095294013871,-0.173872674008235
"117",-0.0969324342029523,-0.265169599448413
"118",-0.0786089703905103,0.257926387456988
"119",-0.101341660715688,0.51277662852529
"120",-0.157532599284567,0.119790965843458
"121",-0.118337779522566,-0.0832623063295568
"122",-0.129322703706545,0.0657054710765079
"123",-0.060605900200101,0.0318047744976186
"124",-0.0305346702464597,-0.135059275224844
"125",-0.216927474073773,-0.154435460938251
"126",-0.177580085920328,-0.0332351307750211
"127",-0.0725062347327444,0.0855241051251025
"128",-0.200770481419838,0.0773159256654074
"129",-0.203745565052999,0.0533016608520988
"130",-0.181913028237342,0.09705827551828
"131",-0.264177904904026,0.00084864787360122
"132",-0.22483051675058,-0.0810500646536166
"133",-0.147249489701232,0.185242805772997
"134",-0.0961695922457316,0.381522041365891
"135",-0.0721705842715673,0.147268533142549
"136",-0.0805618458009954,-0.017703668526007
"137",-0.016086443576699,0.168094118574675
"138",0.0496400194574393,0.282383100605485
"139",0.0444374373091939,0.12598524253609
"140",0.0311029598969755,0.0424845618987088
"141",0.0463445422022457,0.115183400421845
"142",0.086164892369168,0.032888010076872
"143",0.0935339456759202,-0.0630012239457741
"144",0.089368828589495,0.12024867101779
"145",0.121667557058221,0.296648245205512
"146",0.164615559249748,0.21877733821242
"147",0.210798011339891,0.090619889399337
"148",0.265020817659141,0.0846086947764376
"149",0.294603828760161,0.0974549533360348
"150",0.238962136400481,0.0283567288509808
"151",0.229518152970088,0.0565666244290035
"152",0.328245159073595,0.317046639141595
"153",0.274907249424722,0.53558560304619
"154",0.167163451386865,0.301484663214292
"155",0.172808481870299,-0.279663596635607
"156",0.104686695090487,-0.469367134557258
"157",0.0892467738763397,-0.0702177088610822
"158",0.143439066517301,0.255988768885647
"159",0.0630812947436686,0.175676767629449
"160",0.0584127019654777,-0.0493921234289562
"161",0.161136999924822,-0.0263237826426013
"162",0.181550650700048,0.165332630689536
"163",0.133201727451398,0.121911666484531
"164",0.0717471793776961,0.118127970376717
"165",0.103023699623746,0.216595610214769
"166",0.122033721197687,-0.0567459198965641
"167",0.03163694926703,-0.309490717162937
"168",0.027258236432583,-0.221382471103943
"169",0.081236933325522,-0.056852717770575
"170",0.149343463266189,0.242547493599418
"171",0.226039593645161,0.379462368081395
"172",0.126153067766679,0.129295976630428
"173",0.0588856639789546,-0.0790361618865539
"174",0.222911941620556,-0.164230351668965
"175",0.275929457647397,-0.182645356516274
"176",0.144430761061688,-0.185620440149435
"177",0.131386163593213,-0.346488552088143
"178",0.210599672431014,-0.369968827531397
"179",0.173495039631797,-0.136310336034686
"180",0.110499550804509,-0.0563339852396649
"181",0.132606710724766,-0.188626037460884
"182",0.120111359465491,-0.223854079045338
"183",0.0479770239906981,-0.14337425255855
"184",0.0155867544871058,-0.264635610078358
"185",0.0429727807513301,-0.507371920865995
"186",0.000238374307824634,-0.479482418910005
"187",-0.149187108272572,-0.264940746861246
"188",-0.141696000252665,-0.0754813183659053
"189",-0.0529469669496048,0.00847706744580855
"190",-0.172163908024061,-0.096184849084876
"191",-0.220985793286188,-0.221931717313142
"192",-0.11849034791401,-0.258258251315993
"193",-0.190243262410192,-0.251041766400685
"194",-0.254245702621012,-0.136951123278752
"195",-0.141848568644109,0.00959081670335082
"196",-0.139956720590202,-0.0535114699979482
"197",-0.232092772183322,-0.357824383572443
"198",-0.199916098427751,-0.463874672465269
"199",-0.171721459688873,-0.151506147822523
"200",-0.171629918654006,0.0705724027635762
"201",-0.0395056916633755,0.0234745403247681
"202",0.0567191928204477,-0.0507347252736647
"203",0.0537441091872868,-0.102379125777508
"204",0.0610673919766059,0.0500824677926273
"205",-0.00145513483720539,0.214902101069739
"206",0.0436440816736843,0.0337881635863925
"207",0.185700510947329,-0.0554490885692888
"208",0.118661959746771,0.107158303031883
"209",0.111460731670607,0.0771175867565301
"210",0.196868517201041,-0.0304278723724488
"211",0.0691382598840012,0.0971193028748577
"212",0.00745485922313276,0.211728678527701
"213",0.0686500410313799,-0.0494531507855339
"214",0.0296383033391117,-0.396759837068989
"215",0.00248112966205359,-0.293348981348147
"216",-0.0275901002915877,0.038700865790894
"217",-0.0848337607614315,0.164844411836914
"218",-0.0521383544749509,0.166171756842478
"219",0.0117115173444245,0.0986144731110103
"220",-0.0113568234419305,-0.074993099513284
"221",-0.107413882695165,-0.143008088419085
"222",-0.160111005099973,0.00531890174291471
"223",-0.17727494913744,0.1379771181036
"224",-0.160995901770349,0.152547399486516
"225",-0.082240098106881,0.207914468741597
"226",-0.171034901927374,0.212049072149733
"227",-0.32100963071697,0.103206781693479
"228",-0.141406120308921,0.204832587234425
"229",0.0887280413454296,0.402210315245717
"230",-0.0155524542066445,0.20965374840406
"231",-0.172987777337859,-0.0682648334505972
"232",-0.0846659355308429,0.138862014773976
"233",0.0314843808755858,0.444029311340558
"234",-0.0133859830481376,0.405444765144333
"235",-0.0433351582886236,0.429230177370476
"236",-0.0100294784363664,0.603585335112847
"237",0.0170056405275363,0.535982280863945
"238",0.00205393816600998,0.337200923651367
"239",-0.0752677226178835,0.191421825626485
"240",-0.0312669985253916,0.0861496355300235
"241",-0.000722806558273489,0.107722806080226
"242",-0.144732111242403,0.189453693376855
"243",-0.0710110644965918,0.269719924115621
"244",0.0820608026393204,0.301911854710336
"245",-0.00877841762652442,0.0883771340451081
"246",-0.0403905883337516,-0.192226651498966
"247",0.00338128317157405,-0.0621620977928313
"248",0.0421946819549649,0.420457494862437
"249",0.121316649757899,0.530001599919335
"250",0.0644391534275215,0.0399061560833027
"251",-0.0169103128904974,-0.19068571074538
"252",0.0352680769834007,0.158344998361394
"253",0.111872666327507,0.326170228949955
"254",0.0953952800515388,0.105846214865463
"255",0.0696417355757669,-0.0543048256334577
"256",0.287875562697474,-0.099754949444669
"257",0.375022627890371,-0.23474746219445
"258",0.0685127294790802,-0.300199302123989
"259",-0.0141030544879251,-0.0157660499546663
"260",0.0873244121441435,0.234766505635767
"261",0.0518827748116682,-0.0636267543506951
"262",0.0892162601980509,-0.469397648235547
"263",0.0634322020439901,-0.303387981505171
"264",0.0528897261951996,0.146490434346184
"265",0.194381652420501,0.206938031036354
"266",0.170931890655536,0.0677956580392927
"267",0.190582699473542,0.165134291780658
"268",0.350291291637274,0.112238830466973
"269",0.317931535811971,-0.246190091552761
"270",0.249275759662105,-0.334771299625232
"271",0.231867706198328,-0.0872595981853934
"272",0.193466242071836,0.0405164296490793
"273",0.239801262553424,-0.0658237391874908
"274",0.220592902070605,-0.145449182682191
"275",0.0916878681394461,-0.099754949444669
"276",0.137733008677289,-0.0958797123019877
"277",0.286944895509665,-0.0806839005141507
"278",0.19572425426521,-0.0148201259277126
"279",0.0607622551937176,-0.0731470219768098
"280",0.212247411058611,-0.227576747796575
"281",0.245400522519424,-0.430782588361034
"282",-0.0260796732162906,-0.475195247110425
"283",-0.0639318911335834,-0.169265108586622
"284",0.1381144296559,-0.101356917554833
"285",0.10279484703658,-0.429028051859426
"286",-0.127735992435525,-0.452981289316157
"287",-0.155289843930338,-0.342674342302039
"288",0.0317132334627521,-0.503542454240747
"289",0.0521573979162677,-0.465934345749765
"290",-0.110785644146081,-0.145632264751924
"291",-0.201655378090214,0.0166699900663592
"292",-0.210550115311408,-0.069729490008461
"293",-0.151185754200491,-0.35176741843211
"294",-0.12070258958995,-0.494128984488643
"295",-0.177580085920328,-0.0972833415032738
"296",-0.0986259433479823,0.269903006185354
"297",0.0278685099983596,-0.0125621137343393
"298",-0.0296192598977948,-0.353293102346552
"299",-0.0860543078929846,-0.228659983375828
"300",-0.0326553708875334,-0.0261864710903015
"301",-0.00621526865026276,-0.0449218695596427
"302",-0.023958972575217,-0.179883868631135
"303",-0.0750236131915728,-0.334161026059456
"304",-0.178236130003538,-0.418516089688924
"305",-0.212258881295583,-0.268846497682217
"306",-0.168578550825123,-0.00551345404961969
"307",-0.220543344951,0.00409835461136154
"308",-0.245518790630407,-0.0909212395800529
"309",-0.172621613198393,-0.0346082462980184
"310",-0.225532331351223,-0.0792650144737201
"311",-0.240453520034461,-0.116842609286413
"312",-0.149675327125194,0.100231698060318
"313",-0.272782762181476,0.158360255200538
"314",-0.411818337304526,-0.0680054671851421
"315",-0.32467127211163,-0.103172481413018
"316",-0.253360805950636,0.10773806291937
"317",-0.328210858793134,0.180024966785607
"318",-0.465705493162599,0.0630355242262353
"319",-0.458565292443013,-0.0526418301667165
"320",-0.326319010739227,-0.138339495640894
"321",-0.339317837690268,-0.0171239086385192
"322",-0.378390602739114,0.279682640076923
"323",-0.361455511288814,0.243295078717494
"324",-0.384828988858057,-0.0142708797185137
"325",-0.277985344329721,-0.0754965752050497
"326",-0.169966923187265,-0.0965510132243419
"327",-0.214043931475479,-0.122029934595514
"328",-0.188717578495751,-0.104621881131737
"329",-0.174254094986846,-0.0856118595577966
"330",-0.178541266786426,0.0741577599625136
"331",-0.0728418851939216,0.256156594116236
"332",-0.127842790309536,0.32304257692535
"333",-0.229850016829093,0.327253464529208
"334",-0.0798142606829191,0.222774630068257
"335",-0.0430757920231686,0.206358271148867
"336",-0.206308714029261,0.337597601469121
"337",-0.145967915213101,0.318770661964914
"338",0.0553003067800171,0.242181329459952
"339",0.10566313279573,0.332898495012642
"340",0.06291346951308,0.419130149856873
"341",0.00568506588238066,0.27220678889616
"342",0.021079216579095,0.143439066517301
"343",0.149526545335922,0.382391681197123
"344",0.155080034784489,0.522800371843171
"345",0.0485567838781858,0.221615110293281
"346",0.0466801926634228,0.0845171537415712
"347",0.0304774294920545,0.208128064489619
"348",0.0244814917082995,0.130119845944227
"349",0.123437350398973,0.052020086363968
"350",0.143652662265322,0.185608969912463
"351",0.182176181104969,0.223125537368578
"352",0.24732288425162,0.168979015245051
"353",0.184556248011498,0.286502447174477
"354",0.275441238794776,0.392537479228159
"355",0.360650685416332,0.280598050425588
"356",0.135841160623382,0.11333732288537
"357",0.0990569214461983,0.0170361542058252
"358",0.298906257398886,0.0812827038429553
"359",0.377051787496578,0.185395374164441
"360",0.457623155018231,0.108317822806858
"361",0.397999427641859,0.162311776538941
"362",0.210904809213902,0.295870146409147
"363",0.335293818758315,0.0272429795934386
"364",0.51056438684935,-0.177686883794339
"365",0.41244765431162,0.0599994132364968
"366",0.339138542222707,0.221386257706115
"367",0.351344013538239,0.125527537361758
"368",0.314346178613033,-0.0177494390434402
"369",0.335843064967514,-0.00978536901005579
"370",0.393651228485701,0.124139164999616
"371",0.328809662121939,0.0545374648227964
"372",0.278370551910504,-0.0750236131915728
"373",0.341747461716402,-0.050154965386177
"374",0.266714326804171,-0.10286734463013
"375",0.145712335549818,-0.159973693547674
"376",0.219982628504829,-0.207788627426269
"377",0.192566088562316,-0.327768410457946
"378",0.0343831803130246,-0.177595342759473
"379",0.0357715526751664,0.0364886241149538
"380",0.0491823142831068,-0.0590802162856595
"381",0.0130541191891329,-0.0578901828323952
"382",0.0222387363540706,0.0601672384670854
"383",0.00304563271039693,-0.0262474984468792
"384",-0.0321366383566233,-0.0431978467363239
"385",-0.0980461834604946,0.128746730421229
"386",-0.0970544889161076,0.162327033378086
"387",0.00373219047189559,-0.156708729970769
"388",-0.0844523397828211,-0.599568999815693
"389",-0.163772646494633,-0.636673632614909
"390",-0.0576155597277957,-0.338860132515935
"391",-0.131809568487084,-0.123753957418833
"392",-0.185803522219168,0.0655834163633526
"393",-0.0265678920689119,0.0838000823017837
"394",-0.0220976381995984,-0.238805781406864
"395",-0.0987479980611376,-0.41863814440208
"396",-0.0367747174565253,-0.282196231933579
"397",0.058092308343445,-0.189556704648694
"398",-0.022082381360454,-0.265489993070445
"399",-0.223701510653894,-0.370594357936318
"400",-0.141177267721755,-0.30068752097661
"401",-0.0373239636657242,-0.076427242392859
"402",-0.230597601947169,0.0331778900206159
"403",-0.202006285390536,-0.142733465314485
"404",-0.0926147487250829,-0.468314412656294
"405",-0.197810654625822,-0.411650512073938
"406",-0.138675146102071,0.103542432154656
"407",-0.148607348385085,0.261954192991114
"408",-0.305401884272234,-0.142565640083896
"409",-0.214822030271844,-0.38487475937549
"410",-0.146471390904867,-0.245381479078107
"411",-0.270219613205214,-0.15056022379557
"412",-0.394501824875616,-0.238332819393387
"413",-0.398392318857441,-0.160843333378905
"414",-0.2604247224745,0.115107116226123
"415",-0.251423187379295,0.100399523290907
"416",-0.302060636499607,-0.157807222389167
"417",-0.235678129382259,-0.127156232548038
"418",-0.244542352925164,0.0594349101881535
"419",-0.169097283356034,-0.0767018654974585
"420",-0.0289479589754406,-0.298826186600991
"421",-0.114645624449618,-0.0437013224280896
"422",-0.216134118438264,0.386800907709859
"423",-0.2260052933647,0.313751161886401
"424",-0.141634972896087,0.0285398109207138
"425",0.0390365162520711,-0.0172764770299634
"426",-0.0113568234419305,-0.113455590996353
"427",-0.187619086077353,-0.221992744669719
"428",-0.105537291480402,-0.042724884722847
"429",0.0688331231011129,0.129662140769894
"430",0.0278379963200707,0.0768124499736418
"431",-0.110099086384582,-0.0224790591782088
"432",-0.0587750795027712,-0.0255456838462361
"433",0.0464818537545454,0.069534937701756
"434",0.0589466913355322,0.0649883996367204
"435",0.100674146395506,0.00855335164153062
"436",0.0137864474680648,0.134254449352363
"437",-0.0372629363091466,0.157551642725884
"438",0.220562388392317,0.0160444596614382
"439",0.218929906603864,0.139655370409486
"440",-0.0767781496931805,0.405231169396312
"441",0.00681407197906735,0.524570165183923
"442",0.223873122486655,0.485802536917965
"443",0.142264289903181,0.220516617874883
"444",0.0468022473765782,-0.013508037761293
"445",0.105434280208564,0.0588398934615213
"446",0.177004112635013,0.264181691506198
"447",0.19935538198158,0.480569441091431
"448",0.15819242996995,0.560896699186774
"449",0.127388871737376,0.328199388556162
"450",0.20249829084533,0.0208045934744956
"451",0.251869422316655,0.00359487891959586
"452",0.170092764502593,0.257667021191533
"453",0.0424235345421311,0.374000419667695
"454",-0.0368052311348141,0.228587485782279
"455",0.0564445697158482,0.126824368689033
"456",0.203078050732817,0.0512267307284584
"457",0.193405214715259,-0.0651829519434254
"458",0.180574212994806,-0.0277426686830318
"459",0.164234138271138,0.107478696653915
"460",0.118051686180995,0.216641380732202
"461",0.233652756378224,0.232203356659505
"462",0.244805505792792,0.156971882838396
"463",0.084807033685315,0.17941469321983
"464",0.173235673366342,0.142752508755802
"465",0.325300589118723,-0.0929198855079712
"466",0.230296251766453,-0.167037610071538
"467",0.0883771340451081,-0.00702388112491674
"468",0.0544306669487855,0.119150178599392
"469",0.146459920667895,0.0963869745959258
"470",0.270543793429419,0.0171429520798361
"471",0.200545415434845,0.0252901041829535
"472",0.0245577759040216,-0.0325028024960892
"473",0.0631423221002462,-0.204828800632253
"474",0.178102605053411,-0.314220337297706
"475",0.112421912536706,-0.411619998395649
"476",0.0767209089387753,-0.264223675421459
"477",0.0666361382643172,0.221721908167292
"478",-0.0266899467820672,0.389699707147297
"479",0.0406079706839458,0.169314665706228
"480",0.0858750124254241,0.0459326075453465
"481",-0.0588666205376377,-0.080989037297039
"482",-0.0854592911663525,-0.294584785318844
"483",-0.0559373074219101,-0.328607536610889
"484",-0.087686789681437,-0.135715319308054
"485",-0.139071823919826,0.0425150755769976
"486",-0.221016306964477,-0.00867161975251352
"487",-0.202128340103691,-0.134754138441956
"488",-0.221885946795708,-0.150544966956425
"489",-0.256229091709786,-0.17101964508823
"490",-0.0755423457224829,-0.157959790780611
"491",-0.101768852211732,-0.0910738079714971
"492",-0.32636478125666,-0.162994547698268
"493",-0.254581353082189,-0.218071737009605
"494",-0.143282711523684,-0.19904645859652
"495",-0.214822030271844,-0.354040687464628
"496",-0.341163915226742,-0.325739250851739
"497",-0.419736636820478,-0.04460147593761
"498",-0.317149650413433,-0.238576928819698
"499",-0.288771929604822,-0.527816085319511
"500",-0.397568449543643,-0.220955279607899
"501",-0.305081490650201,-0.103080940378151
"502",-0.219048174714847,-0.406081765786226
"503",-0.304013511910092,-0.26433047329547
"504",-0.280319640718816,0.072921955991816
"505",-0.190472114997358,-0.155808576461248
"506",-0.220894252251321,-0.562861044834231
"507",-0.333337156745657,-0.416197050138973
"508",-0.370594357936318,-0.020022708075958
"509",-0.292662423586648,-0.083750525182178
"510",-0.2545508394039,-0.31229797556551
"511",-0.216729135164896,-0.163757389655488
"512",-0.163620078103189,0.110911485461409
"513",-0.210351776402531,0.172472831409122
"514",-0.10573563038928,0.000238374307824634
"515",0.0619370318078375,-0.194820314153517
"516",-0.0813857151147938,-0.338158317915292
"517",-0.144152351354916,-0.61645832074856
"518",-0.0254541428113696,-0.588996010288614
"519",-0.0959712533368542,0.0349934538788012
"520",-0.0846964492091317,0.385092141725684
"521",-0.0282156306965087,0.109141692120656
"522",-0.113486104674642,-0.0909517532583417
"523",0.0146713441384409,0.0709843374204754
"524",0.110057102469321,0.145864903941263
"525",0.0272277227542942,-0.119985518150163
"526",0.144781668362009,-0.226981731069943
"527",0.179063785919509,-0.0141793386836472
"528",0.102260857666525,0.0486788385913412
"529",0.214688505321717,0.128685703064652
"530",0.20509195349988,0.315765064653464
"531",0.0932440657321763,0.149892709475388
"532",0.162693197517552,-0.146440877226578
"533",0.247429682125631,-0.213647253657724
"534",0.21134725754909,-0.109107391840195
"535",0.19883664945067,0.106578543144395
"536",0.312957806250892,0.0890484349674623
"537",0.309067312269066,-0.137363057935651
"538",0.210996350248769,-0.0594158667468367
"539",0.3032391997159,0.0700689270718105
"540",0.289202907703038,-0.0557999958696104
"541",0.15805511841765,0.014198382124964
"542",0.205076696660736,0.27663127224804
"543",0.195754767943498,0.267141518300215
"544",0.179368922702397,0.0776210624482957
"545",0.211789705884278,-0.00243157254244793
"546",0.132103235033,0.091169135608536
"547",0.188309430441024,0.304475003686597
"548",0.254569882845217,0.410830429362312
"549",0.180330103568495,0.394932802973832
"550",0.216275216592736,0.438048630395947
"551",0.169070556279917,0.426667028394214
"552",0.0662699741248512,0.411074538788622
"553",0.190155507977498,0.516453526759094
"554",0.3089757712342,0.452924048561752
"555",0.289447017129349,0.324614031357224
"556",0.227077058706982,0.393620714807412
"557",0.221187918797238,0.28184911123543
"558",0.307022895823714,0.00685984249650059
"559",0.279819951629223,0.0895671674983724
"560",0.160175819058723,0.406894164863053
"561",0.182298235818125,0.485451629617644
"562",0.308304470311845,0.254325773418906
"563",0.314132582865012,0.102855874393158
"564",0.16600393161189,0.282245789053185
"565",0.167010882995421,0.354639490793433
"566",0.31820615891657,0.149541802175066
"567",0.300630280222205,0.213330646637864
"568",0.231410001023995,0.401081309149031
"569",0.227824643825058,0.161106486246533
"570",0.180742038225394,-0.0351574925072174
"571",0.213666297099041,0.16013004854129
"572",0.267843332900858,0.128884041973529
"573",0.117182046349763,-0.111502715585868
"574",-0.056044105295921,0.0234440266464793
"575",-0.00818340089989225,0.258582431540198
"576",0.143896771691633,0.183686608180266
"577",0.169985966628582,0.0633406610091236
"578",0.0376634007290738,0.0674600075781156
"579",-0.0289937294928738,0.0834339181623177
"580",0.0672006413126605,0.0581685925391671
"581",0.052462534699156,-0.0837657820213224
"582",-0.0899448018748104,-0.202189367460269
"583",-0.0463712692783621,-0.0291310410451736
"584",0.0861801492083124,0.160908147337655
"585",0.0544306669487855,0.0733644043270041
"586",-0.0774494506155348,-0.0118450422945518
"587",-0.124791422480653,-0.0725062347327444
"588",-0.0365916353867923,-0.279068579908974
"589",-0.0093734343531566,-0.337929465328126
"590",-0.0481410626191142,-0.185971347449756
"591",-0.0591259868030928,-0.0957424007496879
"592",-0.170455142039886,-0.0597515172080138
"593",-0.169860125313254,-0.10950406965795
"594",-0.0563339852396649,-0.319239837376218
"595",-0.153779416855041,-0.378970362626602
"596",-0.152421558171188,-0.0750541268698617
"597",-0.048903904576335,0.215466604118082
"598",-0.142626667440474,0.17578356550346
"599",-0.165908603974851,0.05496465631884
"600",-0.15536612812606,-0.0575240186929292
"601",-0.200648426706683,-0.344978125012846
"602",-0.202601302117168,-0.56655319990718
"603",-0.287612409829847,-0.472143879281542
"604",-0.277100447659345,-0.278748186286942
"605",-0.206308714029261,-0.24152149877457
"606",-0.246388430461638,-0.267931087333552
"607",-0.212747100148204,-0.110617818915492
"608",-0.237264840653278,-0.0600108834734688
"609",-0.197627572556089,-0.392198042164809
"610",-0.0240657704492279,-0.514740974172747
"611",-0.12408960788001,-0.288222683395623
"612",-0.200144951014917,-0.263689686051404
"613",-0.165893347135706,-0.239751705433818
"614",-0.245305194882385,0.0339712456561254
"615",-0.161667202692704,0.0875685215704541
"616",-0.198298873478443,-0.222664045592073
"617",-0.258380306029148,-0.402237042321834
"618",0.00524261754719264,-0.143343738880262
"619",-0.0893345283090338,0.111277649600874
"620",-0.268159939920718,-0.0832928200078456
"621",-0.000646522362551415,-0.322611598827134
"622",0.027883766837504,-0.27200466338511
"623",-0.0689513912120958,-0.228583699180106
"624",0.0180125919110677,-0.229346541137327
"625",-0.0770375159586356,-0.0734063882422649
"626",-0.121953650399792,0.0932593225713208
"627",0.0118183152184354,0.121667557058221
"628",0.034764601291635,0.0764920563516091
"629",-0.0214873646338218,-0.0159796457026881
"630",-0.0380257782663673,-0.037461275218024
"631",0.0245425190648772,0.0378464827988068
"632",0.0655529026850638,-0.11510332962395
"633",0.062471021177892,-0.315089977128937
"634",0.114618897373501,-0.0466458923829616
"635",0.132866076990221,0.231913476715761
"636",0.124383274425927,0.0882703361710972
"637",0.0739441642144918,0.0554681320106057
"638",-0.0279410075919092,0.136878625685202
"639",0.0565513675898591,-0.0601176813474797
"640",0.132210032907011,-0.119085364640642
"641",0.0400434676356025,0.131904896124123
"642",0.13030292801396,0.141913382602859
"643",0.184571504850642,-0.0954525208059441
"644",-0.00381994490458966,-0.0836132136298783
"645",0.0225743868152477,0.104961318195087
"646",0.14568182187153,0.010445199695438
"647",0.0346272897393353,-0.181287497832421
"648",0.0111012437786479,0.0613115014029165
"649",0.163318727922473,0.381064336191559
"650",0.221203175636382,0.187531331644659
"651",0.108043199702259,-0.0838725798953334
"652",-0.0965662700634863,0.0509063371064257
"653",-0.115149100141383,0.285602293664956
"654",0.0804130640117236,0.341930543786135
"655",0.136649773098036,0.280170858929545
"656",0.0717929498951293,0.246605812811832
"657",0.0500519541143385,0.287402600683997
"658",0.0689399209751238,0.229426611935222
"659",0.14526988721463,0.113383093402804
"660",0.0712894742033637,0.205030926143303
"661",-0.0272849635086994,0.386022808913493
"662",0.214200286469096,0.337017841581634
"663",0.343135834078544,0.14737533101656
"664",0.123620432468706,0.163395012118195
"665",0.0621353707167149,0.328184131717018
"666",0.156132756685454,0.348124820478768
"667",0.169604545649972,0.298311240672254
"668",0.126290379318978,0.23194399039405
"669",0.0494416805485619,0.115137629904411
"670",0.0471531546768997,0.168612851105585
"671",0.118250025089872,0.217144856423968
"672",0.145803876584685,0.00522736070804823
"673",0.0549799131579844,-0.0492395550375121
"674",-0.0484004288845693,0.134086624121774
"675",0.112940645067616,0.113245781850504
"676",0.224269800304409,-0.0121806927557289
"677",-0.0571273408751745,0.067032816082072
"678",-0.214303297740934,0.150823376663197
"679",-0.0680512377025753,0.00209970868344322
"680",-0.0119518401685627,-0.0978173308733283
"681",-0.118993823605776,0.0465581379502675
"682",-0.204172756549043,0.100170670703741
"683",-0.144213378711493,-0.00574230663678591
"684",-0.187924222860241,-0.0649540993562592
"685",-0.345985076396377,-0.145052504864436
"686",-0.271318105623612,-0.177564829081184
"687",-0.26640540341911,-0.137637681040251
"688",-0.380679128610776,-0.222404679326618
"689",-0.208643010418356,-0.22313700760555
"690",-0.0926605192425162,-0.0431520762188906
"691",-0.193355657595653,0.00591391846954688
"692",-0.248478617424423,0.0373582639461855
"693",-0.263247237716216,0.199446923016447
"694",-0.159882152512807,0.198882419968103
"695",-0.0789751345299762,0.00173354454397727
"696",-0.142535126405608,-0.173216629925026
"697",-0.151963852996856,-0.234503352768139
"698",-0.146425620387433,-0.0986412001871267
"699",-0.11641541779037,0.0633864315265569
"700",-0.10936675810565,-0.0446319896158989
"701",-0.187893709181952,-0.180936590532099
"702",-0.114340487666729,-0.0752677226178835
"703",-0.0487818498631796,-0.00954125958374516
"704",-0.0797684901654858,-0.0761068487708263
"705",-0.0460203619780406,-0.0907229006711755
"706",-0.142031650713842,-0.20502713954113
"707",-0.216027320564253,-0.445917372792293
"708",-0.175489898957543,-0.48405947065333
"709",-0.218559955862226,-0.330728237251962
"710",-0.161789257405859,-0.242055488144624
"711",-0.156098456404992,-0.215783211137942
"712",-0.257602207232783,-0.262728505185306
"713",-0.214028674636335,-0.43139286192681
"714",-0.284866178783852,-0.467521057020784
"715",-0.309216094058338,-0.317149650413433
"716",-0.134723624763667,-0.313655834249362
"717",-0.212045285547561,-0.367344651198558
"718",-0.294233878018523,-0.214852543950133
"719",-0.165588210352818,-0.0812789172407829
"720",-0.141360349791488,-0.0504295884907764
"721",-0.133609875506125,0.00779050968430989
"722",-0.0924621803336388,-0.113150454213465
"723",-0.0848642744397203,-0.322886221931733
"724",-0.0699125720781939,-0.150911131095891
"725",-0.0886479705475351,0.153279727765448
"726",-0.0711636328880359,0.029943440122
"727",-0.0342573389976969,-0.257388611484761
"728",-0.0191683250838708,-0.322214921009379
"729",0.019568789503798,-0.310787548490212
"730",-0.0297870851283834,-0.233481144545463
"731",-0.060788982269834,-0.041656905982738
"732",0.0577414010431235,0.0957767010301492
"733",0.0664225425162954,0.118936582851371
"734",-0.0643133121121938,-0.0265221215514787
"735",-0.0325180593352336,-0.130772103425264
"736",0.14240160145548,0.0969819913225579
"737",0.157978834221928,0.170992918012113
"738",0.0352680769834007,-0.134632083728801
"739",0.0200570083564193,-0.247181786097148
"740",0.0759580669815546,-0.130329655090076
"741",0.0906046325601926,-0.0446167327767544
"742",0.0763547447993093,0.0347340876133462
"743",0.0557580119543496,0.0737610821447588
"744",0.060853796228584,0.0561241760938155
"745",0.0651104543498757,-0.118002129061389
"746",0.0539119344178754,-0.285095031371018
"747",0.0489534616959406,-0.0710263213357362
"748",0.0624099938213143,0.147329560499126
"749",0.0893078012329174,0.0800468998722577
"750",0.0570548432816248,0.0511504465327363
"751",0.0572226685122134,0.00356436524130703
"752",0.1322405465853,-0.0877325601988703
"753",0.105205427621397,0.01169626050528
"754",0.100552091682351,0.194290111385635
"755",0.178956988045498,0.2919033682316
"756",0.126931166563044,0.305161561448096
"757",0.0639509345749002,0.318923230356358
"758",0.125283427935447,0.287433114362286
"759",0.174746100441639,0.185929363534495
"760",0.118860298655649,0.279362246454891
"761",0.0710758784553419,0.401294904897053
"762",0.171343825312435,0.28824172683694
"763",0.201811733083831,0.242257613655674
"764",0.0823811962613531,0.263128969605233
"765",0.094556153898596,0.30517681828724
"766",0.224666478122164,0.502112097963345
"767",0.327878994934129,0.517246882394604
"768",0.317901022133682,0.35521925068092
"769",0.226787178763238,0.270436995555408
"770",0.269674153598187,0.134605356652684
"771",0.29905882579033,0.120126616304635
"772",0.166553177821089,0.235758200180154
"773",0.110865714943975,0.165302117011247
"774",0.21186599008,0.111979464201518
"775",0.312683183146292,0.205519144995924
"776",0.204374882060093,0.234278286783145
"777",0.080611402920601,0.192489804366594
"778",0.206907517358066,0.165378401206969
"779",0.19728045185794,0.198745108415804
"780",0.0825337646527973,0.235697172823576
"781",0.243310335556639,0.197967009619439
"782",0.347438262717269,0.143637405426178
"783",0.256705840325435,0.119562113256292
"784",0.214566450608562,0.13199643715899
"785",0.249428328053549,0.0820608026393204
"786",0.27690589535264,-0.0367442037782365
"787",0.134879979757284,0.0711826763293528
"788",0.0601977521453742,0.306015944440183
"789",0.164096826718838,0.224437625534998
"790",-0.0587445658244824,0.0542018143616193
"791",-0.249210945703355,0.203871406368327
"792",0.126839625528177,0.273824013845468
"793",0.252586493756443,-0.111045010411536
"794",-0.0351422356680729,-0.423672901319737
"795",0.0290738002907683,-0.224021904275926
"796",-0.126881609443438,0.092862644753566
"797",-0.678477371870606,0.126244608801545
"798",-0.374835759218465,0.0286313519555803
"799",0.257911130617844,0.0430643217861966
"800",0.0879041720316312,0.0265106513145067
"801",-0.135791603503776,-0.203760821892144
"802",-0.212487733882749,-0.353994916947195
"803",-0.420880899756309,-0.236044293521725
"804",-0.417371826753093,-0.134342203785057
"805",-0.590659005755355,-0.123753957418833
"806",-0.667507704525771,-0.0731317651376654
"807",-0.098320806565094,-0.0596904898514361
"808",0.0563225150026929,-0.146257795156845
"809",-0.336327497217963,-0.218163278044471
"810",-0.398788996675196,-0.154679570364562
"811",-0.338829618837647,-0.00525408778416464
"812",-0.322306462044246,0.0583059040914668
"813",-0.300443411550299,-0.0249659239587484
"814",-0.447961789237645,-0.108619172987574
"815",-0.57775171983918,-0.129780408880877
"816",-0.502504989178927,-0.284606812518397
"817",-0.386736093751109,-0.460274058427187
"818",-0.512376164105363,-0.379214472052912
"819",-0.627885693267727,-0.330880805643407
"820",-0.336830972909728,-0.406264847855959
"821",-0.160522939756873,-0.348944903190394
"822",-0.323008276644889,-0.407592192861523
"823",-0.31907201214563,-0.498309358414213
"824",-0.321833500030769,-0.232840357301398
"825",-0.541699808940928,-0.0587598226636268
"826",-0.506120860056153,-0.225913752329834
"827",-0.0777698442375675,-0.193584510182819
"828",0.164722357123759,0.10448835618161
"829",0.0108418775131928,0.0979584290278005
"830",0.157749981634762,-0.281311335263203
"831",0.517979210673536,-0.306988595543253
"832",0.124368017586782,0.083555972875473
"833",-0.498660265714534,0.0520353432031124
"834",-0.38722431260373,-0.263689686051404
"835",-0.174040499238824,-0.233664226615196
"836",-0.282867532855934,-0.164703313682442
"837",-0.217171583500084,-0.154054039959641
"838",-0.0820417591980036,0.0605334026065513
"839",-0.12450154253691,0.127892347429142
"840",-0.176405309306208,-0.073742038703442
"841",-0.148454779993641,-0.150133032299526
"842",0.218060266772633,-0.0370798542394136
"843",0.785477371392558,0.0906961735950591
"844",0.715250140810817,0.1322405465853
"845",0.0830372403445629,0.0849290883984704
"846",-0.191097645402279,0.0242678959602777
"847",0.0384109858471501,-0.0252405470633478
"848",0.224529166569864,0.0632948904916904
"849",0.117197303188907,0.340603198780571
"850",0.0673989802215379,0.399021635864535
"851",0.260886214251005,0.0846544652938709
"852",0.386388973052959,-0.119466785619253
"853",0.377997711523531,-0.069180243799262
"854",0.263510390583844,-0.068554713394341
"855",0.0479465103124092,-0.112799546913144
"856",0.0859207829428573,-0.0698668015607607
"857",0.33071676701499,0.0203011177827299
"858",0.329328394652849,0.0955631052821274
"859",0.250343738402214,0.0367632472195533
"860",0.463847945389153,-0.0906008459580202
"861",0.660722197708679,0.028692379312158
"862",0.505514373092549,0.280308170481844
"863",0.344371638049241,0.258567174701054
"864",0.369865816259558,0.0935949730324979
"865",0.364205528936981,0.0980652269018114
"866",0.355997349477285,0.173266187044631
"867",0.324125812504603,0.206480325862022
"868",0.279591099042057,0.223171307886012
"869",0.436583973838084,0.180558956155661
"870",0.595361898814007,0.199691032442757
"871",0.510594900527639,0.378394389341286
"872",0.288882514081005,0.433303753422034
"873",0.0670785865995052,0.318755405125769
"874",0.00528838806462588,0.367821399814207
"875",0.295168331808504,0.467341761553224
"876",0.77473655663489,0.356363513616751
"877",0.627874223030755,0.263296794835822
"878",-0.0268882856909446,0.295244616004226
"879",0.193344187358681,0.290469225352025
"880",0.855353694673977,0.329404678848571
"881",0.718942295883766,0.372520506270687
"882",0.466700974309158,0.16614124316419
"883",0.426453432646192,-0.101433201750555
"884",0.153951028687802,-0.0888157957781237
"885",-0.022524829695642,0.0523404799860007
"886",-0.0656254002786134,0.0777736308397399
"887",-0.141039956169455,0.0157850933959832
"888",-0.218498928505648,-0.0542132845985913
"889",-0.359884056856939,-0.0352490335420838
"890",-0.317866721853221,0.0561394329329599
"891",-0.0919434478027287,0.0664377993554398
"892",0.140311414492696,0.0469548157680223
"893",0.445326142667833,0.0336508520340927
"894",0.509954113283574,-0.0297870851283834
"895",0.266973693069626,0.0394637077481147
"896",0.213849379168774,0.195663226908632
"897",0.228053496412224,0.144430761061688
"898",-0.203684537696422,-0.0298786261632499
"899",-0.552761017320629,-0.158936228485853
"900",-0.0543200824726022,-0.209634704962743
"901",0.386129606787504,-0.191250213793724
"902",0.0719912888040067,-0.216240916312275
"903",-0.00888521550053533,-0.164916909430464
"904",0.147909320386614,0.0284330130467029
"905",-0.0802261953398182,0.0869582480046775
"906",-0.187390233490187,0.0679939969481701
"907",-0.109824463279983,0.100704660073795
"908",-0.12695789363916,-0.0223570044650535
"909",-0.114676138127907,-0.194286324783462
"910",-0.136310336034686,-0.182904722781729
"911",-0.113486104674642,-0.164993193626186
"912",-0.272981101090353,-0.257129245219306
"913",-0.712027161149173,-0.211907973995261
"914",-0.589713081728401,0.0254121588961088
"915",-0.108756484539874,0.0521421410771233
"916",-0.122869060748457,-0.15536612812606
"917",-0.225150910372613,-0.146532418261444
"918",-0.186078145323767,-0.0601329381866241
"919",-0.295210315723765,-0.220619629146722
"920",-0.461158955097563,-0.359533149556617
"921",-0.654585161770452,-0.330621439377952
"922",-0.658506169430567,-0.283874484239465
"923",-0.409361986202276,-0.247654748110625
"924",-0.348090520198306,-0.231314673386957
"925",-0.441386091566402,-0.212441963365316
"926",-0.505403788616366,-0.284744124070697
"927",-0.548489102360193,-0.514588405781303
"928",-0.634140997316937,-0.494632460180409
"929",-0.934273536965862,-0.167602113119881
"930",-0.811700091279634,-0.157273233019112
"931",-0.144655827046681,-0.419965489407644
"932",-0.0966730679374972,-0.342948965406639
"933",-0.358510941333942,-0.0548845855209455
"934",-0.398834767192629,0.00356436524130703
"935",-0.871278048138573,-0.0868629203676386
"936",-0.991059492261373,-0.17817510264696
"937",-0.368214291029789,-0.235662872543115
"938",-0.13711894850934,-0.121572229421182
"939",-0.157120664627668,-0.012256976951451
"940",0.00319820110184108,-0.19472877311865
"941",-0.0150947490323121,-0.381701336833452
"942",-0.190594169710514,-0.303830429840359
"943",-0.496890472373782,-0.180692481105789
"944",-0.64852819663012,-0.106467958668211
"945",-0.500292747502987,0.0110859869395035
"946",-0.552120230076563,0.129326490308717
"947",-0.662244095020948,0.0991026919636316
"948",-0.588690873505725,-0.111914650242767
"949",-0.540723371235686,-0.209772016515043
"950",-0.439173849890462,-0.0826672896029246
"951",-0.375476546462531,-0.0419467859264819
"952",-0.391740336990477,-0.130299141411787
"953",-0.186062888484623,-0.153718389498464
"954",0.0999875886340076,-0.0702939930568043
"955",0.137549926607556,0.0690009483317015
"956",0.0202858609435855,0.0805503755640233
"957",0.00359487891959586,-0.0381936034969559
"958",4.00353989472439e-05,-0.0202820743414131
"959",-0.134982991029122,0.0960513241347486
"960",-0.118780227857754,0.0825642783310861
"961",0.0340933003692807,0.044513721504916
"962",0.039326396195815,0.168414512196707
"963",0.298738432168297,0.218762081373276
"964",0.861364889296876,0.00859912215896386
"965",0.718942295883766,-0.0660373349355126
"966",-0.0155524542066445,0.146902369003083
"967",0.00438823455510542,0.264929276624274
"968",0.423936054187364,0.194351138742212
"969",0.212293181576044,0.136497204706592
"970",0.0673684665432491,0.248451890348307
"971",0.254554626006072,0.421098282106503
"972",0.255531063711315,0.366478797969498
"973",0.540589846285558,0.221798192363014
"974",0.974021389539234,0.207807670867586
"975",0.901169982624654,0.23716182938144
"976",0.470866091395583,0.289675869716515
"977",0.0864090017954786,0.345882065124539
"978",-0.0193666639927482,0.442640938978416
"979",0.127907604268286,0.513081765308179
"980",0.166919341960555,0.313583336655813
"981",0.116602286462275,0.141242081680505
"982",0.136741314132903,0.198790878933237
"983",0.477472302745115,0.118265281929016
"984",0.974173957930678,-0.00169924426351603
"985",0.752766708266933,0.0951511706252282
"986",0.129936763874494,0.259482585049718
"987",0.201109918483188,0.341762718555547
"988",0.473246158302112,0.303742675407665
"989",0.339169055900996,0.278584147658526
"990",0.221248946153815,0.227397452329014
"991",0.294466517207861,0.033147376342327
"992",0.345668469376517,0.0226506710109698
"993",0.324553004000647,0.207868698224164
"994",0.352610331187225,0.243035712452039
"995",0.474420934916232,0.165759822185579
"996",0.556594270548049,0.0676125759695597
"997",0.567090975879407,0.0500214404360496
"998",0.528506429683182,0.0971498165531465
"999",0.372551019948975,-0.0666933790187225
"1000",0.339504706362173,-0.201151902398449
"1001",0.688886322769269,-0.0344556779065743
"1002",0.895997914154698,-0.00298081875164686
"1003",0.579571070299538,-0.177732654311772
"1004",0.35549387378552,-0.0515280809091743
"1005",0.466807772183169,0.246743124364132
"1006",0.493736093273061,0.124917263795981
"1007",0.3711168770694,-0.192730127190732
"1008",0.120614835157256,-0.0413822828781385
"1009",-0.0666476085012892,0.259635153441163
"1010",0.267934873935724,0.0748900882414455
"1011",0.73706742078733,-0.182141880824508
"1012",0.554687165654998,-0.0837200115038892
"1013",0.0916420976220128,-0.0978478445516172
"1014",0.165576740115846,-0.276276578345547
"1015",0.498099549268364,-0.147402058092676
"1016",0.520359277580065,-0.0412754850041276
"1017",0.466624690113436,-0.281341848941492
"1018",0.436599230677228,-0.327905722010246
"1019",0.122628737924319,-0.141741770770098
"1020",-0.317302218804878,-0.185269532849113
"1021",-0.292814991978092,-0.202448733725724
"1022",0.318557066216892,0.0695807082191892
"1023",0.472879994162646,0.213666297099041
"1024",-0.174040499238824,0.05665816546387
"1025",-0.156708729970769,-0.0312212280079584
"1026",0.467189193161779,0.013313485454588
"1027",0.352945981648403,-0.140566994155978
"1028",0.103481404798079,-0.401657282434346
"1029",0.0755919028420886,-0.393525387170373
"1030",-0.397156514886744,-0.232550477357654
"1031",-0.594671554450336,-0.228690497054117
"1032",-0.17713763758514,-0.283157412799678
"1033",0.0360461757797658,-0.245457763273829
"1034",0.0269683564888391,-0.245473020112973
"1035",0.0297145875348337,-0.280594263823416
"1036",-0.0404668725294737,-0.261263848627443
"1037",-0.170714508305342,-0.343528725294126
"1038",-0.287154704655514,-0.433467792050451
"1039",-0.276780054037312,-0.266878365432587
"1040",-0.347007284619053,-0.0801193974658073
"1041",-0.47922305264455,-0.109839720119127
"1042",-0.351797932110399,-0.20177743280337
"1043",-0.357992208803031,-0.244939030742919
"1044",-0.481633633229368,-0.221474012138809
"1045",-0.217064785626073,-0.122304557700114
"1046",-0.0135232946004374,-0.00273670932533622
"1047",-0.112448639612822,-0.00720696319464972
"1048",-0.408049898035856,-0.136020456090943
"1049",-0.880157528520623,-0.0516806493006184
"1050",-0.682062729069543,0.22751950704217
"1051",-0.001256795928328,0.219204529708464
"1052",-0.0801193974658073,-0.00288927771678037
"1053",-0.411619998395649,-0.0135385514395818
"1054",-0.336708918196573,0.0813132175212441
"1055",-0.377200569285849,0.00402207041563947
"1056",-0.539350255712688,-0.11510332962395
"1057",-0.637604299802719,-0.0554033180518556
"1058",-0.698128180688612,0.0406232275230902
"1059",-0.477178636199199,-0.0590497026073707
"1060",-0.0781817788944667,-0.173430225673047
"1061",-0.14181805496582,0.0292416255213569
"1062",-0.723424019990051,0.315414157353142
"1063",-0.823341059546823,0.205717483904801
"1064",-0.230277208325136,-0.0401769925857298
"1065",0.0390517730912155,0.0177837393239015
"1066",-0.0949643019533228,0.0923439122226559
"1067",-0.174559231769734,-0.00932766383572335
"1068",-0.346503808927287,0.0430490649470521
"1069",-0.490055408437085,0.257072004464901
"1070",-0.426297077652576,0.235605631788709
"1071",-0.324213566937297,0.00327448529756315
"1072",-0.278137912721165,0.00524261754719264
"1073",-0.295210315723765,0.104946061355942
"1074",-0.340263761717222,-0.0127909663215055
"1075",-0.39203021693422,0.0536678249915647
"1076",-0.31399148471054,0.286487190335332
"1077",-0.131916366361095,0.185502172038452
"1078",-0.203501455626689,0.0547052900533849
"1079",-0.420209598833954,0.201750705727253
"1080",-0.477102352003477,0.324583517678936
"1081",-0.324839097342218,0.278843513923981
"1082",0.0206672819221959,0.184571504850642
"1083",0.114939290995534,0.22841966055169
"1084",-0.202708099991179,0.373954649150261
"1085",-0.271714783441367,0.42077788848447
"1086",0.151464163907263,0.449277664006237
"1087",0.375526103582136,0.485283804387055
"1088",0.073288120131282,0.38338337574151
"1089",0.125771646788068,0.243645986017816
"1090",0.587886047633244,0.26750768243968
"1091",0.433837742792089,0.416612771398045
"1092",0.11126239276173,0.435104060441075
"1093",0.0379227669945288,0.27624985126943
"1094",-0.239019377154886,0.175112264581105
"1095",-0.257388611484761,0.18660066445685
"1096",-0.139499015415869,0.147527899408004
"1097",-0.0974969372512956,-0.0160559298984102
"1098",0.30621428334906,-0.100426250367023
"1099",0.270879443890596,0.00106224362162303
"1100",-0.00806134618673694,-0.00691708325090584
"1101",0.452374802352553,-0.110953469376669
"1102",0.608223414212749,-0.0319382994477459
"1103",0.140723349149595,0.0691840304014344
"1104",-0.0913179173978077,0.0511657033718807
"1105",-0.143206427327962,0.074539180941124
"1106",-0.0991599327180368,0.192001585513972
"1107",-0.0342573389976969,0.180742038225394
"1108",0.0352528201442563,-0.100868698702211
"1109",0.203169591767684,-0.214394838775801
"1110",0.168551823749007,0.0330253216291717
"1111",0.014122097929242,0.0998045065642746
"1112",-0.105064329466925,-0.112463896451966
"1113",-0.0417484470176045,-0.283843970561176
"1114",0.496894258975955,-0.335061179568976
"1115",0.82125465918621,-0.207727600069691
"1116",0.390493062782807,-0.0244929619452715
"1117",-0.108436090917841,0.0644696671058103
"1118",0.0253206178612423,0.155446198923955
"1119",0.572461383258241,0.188370457797602
"1120",0.509648976500686,0.0686195273530911
"1121",-0.116644270377536,-0.105659346193557
"1122",-0.262255543171829,-0.236700337604935
"1123",-0.140811103582289,-0.2717605539588
"1124",-0.216668107808318,-0.227332638370264
"1125",-0.243886308841954,-0.141634972896087
"1126",-0.223182778122984,-0.0758322256662268
"1127",-0.221550296334531,-0.0822095844285922
"1128",-0.257678491428505,-0.0301837629461382
"1129",-0.218041223331316,0.104305274111877
"1130",-0.0365458648693591,0.0609758509417394
"1131",-0.0509330641825421,-0.210794224737719
"1132",-0.175947604131876,-0.411040238508161
"1133",-0.12201467775637,-0.419431500037589
"1134",-0.0376443572877569,-0.412535408744314
"1135",-0.0247370713715822,-0.383211763908749
"1136",-0.0615365673879103,-0.274125364026184
"1137",-0.0996023810532248,-0.271073996197301
"1138",-0.171828257562884,-0.340156963843211
"1139",-0.18418629726986,-0.361455511288814
"1140",0.0730897812224046,-0.476842985738022
"1141",0.156926112320963,-0.535307193339418
"1142",-0.129398987902267,-0.331124915069717
"1143",-0.17361330774278,-0.191662148450623
"1144",0.0734559453618705,-0.256412173779519
"1145",0.123956082929883,-0.225303478764057
"1146",-0.201991028551392,-0.0704770751265373
"1147",-0.405624060611894,0.0151595629910622
"1148",-0.0212432552075112,-0.027712155004743
"1149",0.213803608651341,-0.153993012603063
"1150",-0.0851999249008974,-0.210458574276542
"1151",-0.260333181439633,-0.140582250995123
"1152",-0.427258258518674,-0.091882420446151
"1153",-0.664791987158066,-0.141558688700365
"1154",-0.344627217712524,-0.278000601168865
"1155",0.21525300837006,-0.344505162999369
"1156",0.340877821885171,-0.163284427642012
"1157",0.274968276781299,-0.00462855737924364
"1158",0.184190083872032,-0.00748158629924918
"1159",-0.0708279824268588,0.113077956619915
"1160",-0.111380660872713,0.106059810613485
"1161",0.00628008260901284,-0.240529804230183
"1162",-0.184277838304726,-0.2658866708882
"1163",-0.0933775906823037,0.157414331173584
"1164",0.358179077474937,0.217587304759156
"1165",0.32121175622802,-0.174071012917113
"1166",0.205625942869935,-0.264071107030015
"1167",0.357202639769694,0.00463234398141605
"1168",0.301942368388624,0.0973176417837351
"1169",0.270528536590275,0.107127789353594
"1170",0.296037971639736,0.18490715531182
"1171",0.196380298348419,0.00599020266526896
"1172",0.238153523925827,-0.248615928976723
"1173",0.278065415127615,-0.180585683231778
"1174",0.166171756842478,0.0316522061061744
"1175",0.0522336821119898,0.145285144053775
"1176",0.107753319758515,0.118066943020139
"1177",0.247689048391086,0.0697485334497778
"1178",-0.00743581578181594,0.105403766530275
"1179",-0.112448639612822,0.0628829558347912
"1180",0.433929283826956,0.0595417080621644
"1181",0.61521104654089,0.261649056208225
"1182",0.436599230677228,0.268804513766956
"1183",0.341930543786135,0.0260376893010298
"1184",-0.110083829545438,-0.0101667899886662
"1185",-0.118963309927487,0.174242624749874
"1186",0.410052330565947,0.329450449366004
"1187",0.145452969284363,0.366265202221477
"1188",-0.232230083735621,0.26425797570192
"1189",-0.0388496475801657,0.115213914100133
"1190",-0.150773819543592,0.122643994763463
"1191",-0.278244710595176,0.333417227543552
"1192",-0.0162084982898544,0.457882521283687
"1193",0.111872666327507,0.353891905675356
"1194",0.112269344145261,0.27742462788355
"1195",-0.0284597401228193,0.271245608030062
"1196",-0.275361167996882,0.232477979764104
"1197",-0.0902499386576987,0.224224029786976
"1198",0.291415149378978,0.162525372286963
"1199",0.297228005093,0.132210032907011
"1200",0.158772189857437,0.336773732155323
"1201",0.149465517979344,0.403415605538126
"1202",0.133537377912575,0.156529434503208
"1203",0.0670938434386496,0.0972261007488686
"1204",0.00670727410505645,0.248482404026595
"1205",-0.0177646958825847,0.241021809684977
"1206",0.190353846886376,0.217556791080867
"1207",0.413988595065206,0.27324425395798
"1208",0.103069470141179,0.183808662893422
"1209",-0.0143319070750914,0.0834339181623177
"1210",0.673187035289666,0.114039137486014
"1211",0.924406148641598,0.110530064482798
"1212",0.482003583971006,0.180116507820473
"1213",0.258765513609931,0.27911813702858
"1214",0.0699621291977996,0.0844256127067047
"1215",-0.0439912023718334,-0.0412754850041276
"1216",0.0376481438899294,0.183061077775345
"1217",0.034947683361368,0.244164718548726
"1218",0.38103382251327,0.113276295528793
"1219",0.502173125319922,0.0905893757210482
"1220",-0.153535307428731,-0.0594311235859811
"1221",-0.273927025117307,-0.283309981191122
"1222",0.0549036289622623,-0.203379400913533
"1223",0.0400129539573136,0.0104299428562936
"1224",0.342830697295656,0.0142136389641085
"1225",0.575451723730546,-0.0800278564309408
"1226",0.180055480463896,-0.0903414796925652
"1227",-0.0994955831792139,-0.197719113590955
"1228",-0.214761002915267,-0.359899313696083
"1229",-0.382265839881795,-0.209009174557822
"1230",-0.306057928355444,0.0123828182667787
"1231",0.0138169611463537,-0.0999075178361131
"1232",0.307068666341148,-0.262087717941241
"1233",0.244912303666802,-0.209375338697288
"1234",-0.0717739064538125,-0.0407567524732175
"1235",-0.286605458446315,0.0581380788608782
"1236",-0.453652590238511,-0.00433867743549976
"1237",-0.567666949164722,0.046024148580213
"1238",-0.599477458780826,0.160755578946211
"1239",-0.662228838181804,-0.125035531906964
"1240",-0.614185051716042,-0.489811299010774
"1241",-0.467826193803672,-0.460670736244942
"1242",-0.448587319642566,-0.387788815652073
"1243",-0.533003410628612,-0.425046016842734
"1244",-0.530531802687217,-0.288588847535089
"1245",-0.300885859885487,-0.0885716863518131
"1246",-0.078120751537889,-0.153993012603063
"1247",-0.260928198166265,-0.384752704662335
"1248",-0.607822949792821,-0.40650895728227
"1249",-0.543454345442536,-0.308087087961651
"1250",-0.205469587876318,-0.385973251793888
"1251",-0.107322341660299,-0.42945524335547
"1252",-0.189755043557571,-0.223457401227583
"1253",-0.258792240686047,0.0396162761395588
"1254",-0.345481600704611,0.0913979881957022
"1255",-0.300626493620032,-0.109183676035917
"1256",-0.203287859878667,-0.224906800946302
"1257",-0.233816795006641,-0.165542439835385
"1258",-0.0323502341046451,-0.19251653144271
"1259",0.380499833143215,-0.16735800369357
"1260",0.340709996654582,-0.0526876006841498
"1261",-0.044525191741888,-0.0692412711558397
"1262",-0.108832768735596,-0.0638556069378613
"1263",-0.0214873646338218,-0.028780133744852
"1264",-0.127034177834882,-0.0564255262745314
"1265",-0.166686702771216,-0.0142861365576581
"1266",-0.186062888484623,-0.0679749535068533
"1267",-0.0794938670608863,-0.219124458910569
"1268",0.501456053880135,-0.143984526124327
"1269",0.708857525209308,-0.000265101383941049
"1270",0.276234594430286,-0.0594616372642699
"1271",0.344981911615018,-0.0973443688598515
"1272",0.682951412342091,0.0777736308397399
"1273",0.5989319991738,0.0882703361710972
"1274",0.466304296491403,-0.15056022379557
"1275",0.254005379796874,0.0102926313039939
"1276",0.0429270102338968,0.336682191120456
"1277",0.164844411836914,0.0957614441910048
"1278",0.230494590675331,-0.114767679162773
"1279",0.187470304288081,0.13289659066851
"1280",0.343822391840043,0.208250119202774
"1281",0.564329487994268,0.0639356777357558
"1282",0.608772660421947,0.0419353156895099
"1283",0.405948240836099,0.0934271478019093
"1284",0.282611953192651,0.057024329603336
"1285",0.422410370272922,-0.081431485632227
"1286",0.450727063724956,0.0206977956004847
"1287",0.28786030585833,0.341869516429557
"1288",0.271672799526106,0.2633578221924
"1289",0.487480789223851,-0.0761831329665484
"1290",0.441038970868253,0.00640213732216815
"1291",-0.00261465461218091,0.348994460309999
"1292",-0.00377417438715642,0.404666666347968
"1293",0.35027603479813,0.238397633352137
"1294",0.224086718234676,0.16835348484013
"1295",0.0403638612576352,0.211042120766202
"1296",0.16859759426644,0.27324425395798
"1297",0.20509195349988,0.306534676971093
"1298",-0.00139410748062773,0.290576023226035
"1299",-0.316676688399957,0.34623297242486
"1300",-0.168837917090579,0.50327161773832
"1301",0.243844324926693,0.505575400449127
"1302",-0.0886937410649684,0.284046096072226
"1303",-0.60211689195281,0.205046182982447
"1304",-0.442087906167045,0.377829886292943
"1305",-0.101341660715688,0.405978754514388
"1306",0.0728609286352384,0.304078325868842
"1307",0.0868209364523778,0.37412247438085
"1308",-0.00108897069773944,0.320876105766843
"1309",-0.274964490179127,0.0251527926306538
"1310",-0.778699548210265,-0.0952999524144999
"1311",-0.701988160992148,-0.0953609797710776
"1312",-0.173186116246737,-0.150529710117281
"1313",-0.242894614297567,-0.0180088053088953
"1314",-0.420392680903687,0.178178889249133
"1315",-0.292708194104081,0.0499298994011832
"1316",-0.33234546220127,-0.159210851590453
"1317",-0.370716412649473,-0.0514975672308855
"1318",-0.329324608050676,0.11323052501136
"1319",-0.197307178934056,0.0935797161933535
"1320",-0.0117840149379741,0.0717166656994073
"1321",-0.179121026673914,0.00138263724365573
"1322",-0.290572236623863,-0.111502715585868
"1323",-0.178373441555838,-0.0546709897729237
"1324",-0.372150555529048,-0.0240352567709391
"1325",-0.549572337939446,-0.102257071064353
"1326",-0.509523135185358,-0.0881902653732027
"1327",-0.338066776880426,-0.114325230827585
"1328",0.0356800116402999,-0.131611229578207
"1329",0.0157850933959832,0.0433084312125072
"1330",-0.344917097656268,0.105769930669741
"1331",-0.511445496917554,0.0409588779842673
"1332",-0.702598434557925,0.166461636786222
"1333",-0.50113187365593,0.202559318201907
"1334",0.133964569408619,-0.0542285414377357
"1335",0.180757295064539,-0.19552212875416
"1336",-0.0480037510668145,-0.16124001119666
"1337",-0.0895633808962,-0.208139534726591
"1338",-0.457955018877236,-0.208170048404879
"1339",-0.745561693588597,-0.0682343197723083
"1340",-0.572381312460346,0.0163038259268933
"1341",-0.306744486116943,-0.00879367446566884
"1342",-0.0461271598520515,-0.0225706002130753
"1343",0.0299739538002888,0.0379685375119621
"1344",-0.216530796256019,0.0513335286024693
"1345",-0.475790263837057,-0.136996893796185
"1346",-0.526992216005712,-0.397827815809098
"1347",-0.0976342488035954,-0.473211858021651
"1348",0.398167252872448,-0.389879002614858
"1349",0.151921869081595,-0.343391413741827
"1350",-0.228690497054117,-0.32062820973836
"1351",-0.220390776559556,-0.290495952428141
"1352",-0.297712437343449,-0.348883875833816
"1353",-0.37157079564156,-0.358587225529664
"1354",-0.438746658394418,-0.266573228649699
"1355",-0.492465989021902,-0.288939754835411
"1356",-0.192852181903887,-0.277481868637955
"1357",-0.0894260693439003,-0.149492245055461
"1358",-0.230734913499469,-0.194545691048917
"1359",-0.103416590839329,-0.219811016672068
"1360",-0.128483577553602,-0.0196565439364921
"1361",-0.171462093423418,0.0144272347121303
"1362",-0.0899905723922436,-0.149538015572894
"1363",-0.291136739672206,-0.18366756473895
"1364",-0.0626350598063082,-0.20803273685258
"1365",0.536150106094534,-0.27943474404844
"1366",0.538026697309297,-0.14482365227727
"1367",0.406360175492998,-0.0343641368717078
"1368",0.311966111706505,-0.226356200665022
"1369",-0.079997342752652,-0.3285770229326
"1370",-0.129429501580555,-0.16162143217527
"1371",0.256461730899124,-0.0180393189871841
"1372",0.477777439528003,0.000818134195312391
"1373",0.412630736381353,-0.083491158916723
"1374",0.181916814839514,-0.127415598813493
"1375",-0.00944971854887867,-0.0469357723267055
"1376",-0.0445557054201768,-0.0104261562541212
"1377",0.0376176302116405,-0.00418610904405561
"1378",0.267553452957114,-0.0747795037652622
"1379",0.589640584134852,-0.235983266165147
"1380",0.731971636513096,-0.149965207068938
"1381",0.514134487209143,0.0197976420909642
"1382",0.336148201750402,-0.0054219130147532
"1383",0.530321993541367,0.0385025268820166
"1384",0.528186036061149,0.0625015348561808
"1385",0.138007631781889,-0.0805771026401398
"1386",0.177309249417901,-0.128300495483869
"1387",0.652514018248984,-0.0767018654974585
"1388",0.596323079680105,0.0399976971181692
"1389",0.205824281778812,0.227855157503347
"1390",0.457836750766253,0.230830241136508
"1391",0.913253399227031,0.0828999287922632
"1392",0.84890005171589,0.0712437036859304
"1393",0.764270364981822,0.129677397609039
"1394",0.703654943061062,0.078917893775571
"1395",0.357873940692048,0.042896496555608
"1396",0.42482095085774,0.206434555344589
"1397",0.938976430024514,0.378806323998185
"1398",0.937877937606116,0.219921601148251
"1399",0.538499659322774,0.00130635304793366
"1400",0.401783123749674,0.25084721409398
"1401",0.399906532534911,0.53102380814201
"1402",0.314834397465655,0.230418306479608
"1403",0.209318097942883,-0.0531453058584822
"1404",0.112513453571572,0.174715586763351
"1405",0.132133748711289,0.35822484799237
"1406",0.375709185651869,0.253089969448209
"1407",0.593683646508121,0.264105407310476
"1408",0.332791697138631,0.408190996190328
"1409",-0.0146675575362685,0.258414606309609
"1410",0.385854983682905,0.0170971815624028
"1411",0.846901405787971,0.218365403555521
"1412",0.574994018556213,0.428467335413255
"1413",0.336773732155323,0.326719475159154
"1414",0.260443765915816,0.332608615068898
"1415",0.164646072928037,0.277012693226651
"1416",0.561903650570306,0.144018826404788
"1417",0.762332746410481,0.249214732305527
"1418",0.378211307271553,0.193679837819858
"1419",0.274968276781299,0.0466649358242784
"1420",0.233622242699936,0.196715948809597
"1421",0.0604723752499737,0.26491401978513
"1422",0.193161105288948,0.134696897687551
"1423",0.278675688693392,0.0495027079051395
"1424",0.215893795614126,0.0609300804243061
"1425",0.303651134372799,0.141928639442004
"1426",0.426712798911647,0.142569426686069
"1427",0.396244891140251,0.124169678677905
"1428",0.174212111071585,0.157002396516685
"1429",0.0697027629323445,0.10670059785755
"1430",0.112635508284727,0.0308893641489537
"1431",-0.0423434637442367,-0.049971883316444
"1432",-0.212380936008738,-0.102943628825852
"1433",-0.201563837055348,-0.106406931311634
"1434",-0.0965052427069087,-0.21442535245409
"1435",-0.0858864826623961,-0.207422463286803
"1436",-0.366505525045615,0.015998689144005
"1437",-0.446893810497536,0.0531643492997991
"1438",-0.0822553549460254,-0.144564286011815
"1439",0.0235203108422014,-0.25572561601802
"1440",-0.265093315252691,-0.128895512210501
"1441",-0.386491984324798,-0.0513755125177301
"1442",-0.282043663542135,-0.220055126098379
"1443",-0.31554768230327,-0.241216361991682
"1444",-0.434901934930026,-0.125981455933918
"1445",-0.43204890601002,-0.174009985560535
"1446",-0.507036270404818,-0.137790249431695
"1447",-0.658643480982867,-0.023074075904841
"1448",-0.766234710629279,-0.021456850955533
"1449",-0.795771951212865,0.0443001257568941
"1450",-0.558665414069517,0.156193784042031
"1451",-0.460624965727509,0.110484293965365
"1452",-0.655943020454305,-0.0668459474101666
"1453",-0.471503092037476,-0.15460328616884
"1454",-0.173033547855293,-0.194423636335762
"1455",-0.341011346835298,-0.390855440320101
"1456",-0.605198773459982,-0.415434208181753
"1457",-0.583915482853523,-0.163192886607145
"1458",-0.491672633386393,-0.0921265298724617
"1459",-0.684213943388905,-0.169646529565232
"1460",-0.874176847576012,-0.283004844408233
"1461",-0.853244464269875,-0.474813826131814
"1462",-0.765075190854303,-0.412367583513725
"1463",-0.350318018713391,-0.171248497675396
"1464",-0.241490985096281,-0.195140707775549
"1465",-0.66936903890139,-0.303159128918005
"1466",-0.399292472366962,-0.1578529929066
"1467",-0.0617196494576433,0.0137406769506316
"1468",-0.354681474708693,-0.0536182678719591
"1469",-0.197383463129778,-0.161499377462115
"1470",-0.0677918714371203,-0.171828257562884
"1471",-0.337334448601494,-0.163375968676878
"1472",-0.119543069814975,-0.111045010411536
"1473",0.0616776655423824,-0.112875831108866
"1474",-0.276825824554745,-0.169677043243521
"1475",-0.608097572897421,-0.139422731220147
"1476",-0.633561237429449,-0.173277657281603
"1477",-0.387712531456351,-0.168166616168224
"1478",-0.256946163149573,0.0561546897721043
"1479",-0.302808221617684,0.126351406675556
"1480",-0.31071126429449,0.000177346951246976
"1481",-0.201609607572781,-0.00743581578181594
"1482",0.113810284898847,0.00133686672622249
"1483",0.161274311477121,-0.0278189528787539
"1484",-0.0334944970404762,0.0257630661964303
"1485",0.293169685880586,0.0584432156437665
"1486",0.703181981047585,0.0046781144988493
"1487",0.51695700245086,-0.00923612280085686
"1488",0.146688773255061,0.0854478209293805
"1489",0.0981567679366779,0.205793768100523
"1490",0.337078868938211,0.210202994613259
"1491",0.412630736381353,0.0756376733595218
"1492",0.0831592950577183,-0.0460051051388962
"1493",-0.266985163306598,-0.10532369573238
"1494",-0.0140725408096363,-0.144259149228927
"1495",0.588160670737843,-0.0418094743741821
"1496",0.5079707241948,0.133720459982308
"1497",0.121896409645387,0.16286102274814
"1498",0.294191894103262,0.126595516101867
"1499",0.379050433424496,0.0473972641032103
"1500",0.140769119667028,-0.0785326861947882
"1501",0.125619078396624,-0.0492853255549453
"1502",0.343029036204533,0.0917488954960237
"1503",0.541261147207913,0.206343014309722
"1504",0.372871413571008,0.204664762003837
"1505",0.119470572221425,0.0530117809083549
"1506",0.173586580666664,0.106502258948673
"1507",0.167682183917775,0.369606449994103
"1508",0.328336700108462,0.365410819229389
"1509",0.709101634635618,0.209196043229728
"1510",0.584132865203718,0.231532055737151
"1511",0.198897676807248,0.330823564889001
"1512",0.0585805271960663,0.291857597714166
"1513",0.031896315532485,0.167300762939165
"1514",-0.0566238651834088,0.315520955227153
"1515",-0.225089883016035,0.532549492056452
"1516",-0.210824738416008,0.330625225980124
"1517",-0.135516980399177,0.197814441227994
"1518",-0.291640215363972,0.408099455155461
"1519",-0.355932535518535,0.381720380274769
"1520",-0.111426431390146,0.201231973196343
"1521",0.230082656018431,0.158650135144282
"1522",0.152913563625982,0.0612504740463388
"1523",-0.294508501123122,0.0164258806400486
"1524",-0.176512107180219,0.0401197518313245
"1525",0.224834303352753,-0.0300769650721273
"1526",0.0740357052493583,0.0647748038886986
"1527",-0.150056748103804,0.23664309685053
"1528",-0.241063793600237,0.0981109974192446
"1529",-0.425946170352254,-0.0942624873526797
"1530",-0.45851952192558,-0.0425875731705473
"1531",-0.365193436879195,0.0767971931344974
"1532",-0.290816346050174,0.128823014616951
"1533",-0.273133669481797,0.156544691342353
"1534",-0.332681112662447,0.186997342274604
"1535",-0.295790075611253,0.114084908003447
"1536",-0.18743600400762,-0.0976800193210286
"1537",-0.153977755763919,-0.190899306493402
"1538",-0.224250756863093,-0.0415043375912938
"1539",-0.372593003864236,0.0648205744061319
"1540",-0.425168071555889,-0.0609873211787114
"1541",-0.391282631816144,-0.136203538160676
"1542",-0.421857337461551,0.00206919500515439
"1543",-0.318827902719319,0.041904802011221
"1544",0.0790552053278707,0.0430490649470521
"1545",0.335431130310615,0.205061439821591
"1546",0.153142416213148,0.091428501873991
"1547",0.0663615151597177,-0.236486741856913
"1548",0.21030979248727,-0.22365574013646
"1549",0.013313485454588,-0.123219968048779
"1550",-0.353155790794252,-0.169249851747478
"1551",-0.399994286967605,-0.10559831883698
"1552",-0.285735818615084,-0.00832071245219198
"1553",-0.283660888491443,-0.0377969256792011
"1554",-0.228598956019251,-0.134723624763667
"1555",0.141715043693982,-0.138507320871482
"1556",0.290011520177692,-0.00858007871764703
"1557",-0.037095111078558,-0.00775620940384864
"1558",0.0198739262866863,-0.145266100612458
"1559",0.257880616939555,-0.179426163456802
"1560",0.0444679509874827,-0.205240735289152
"1561",-0.020465156411146,-0.398529630409741
"1562",0.0475345756555101,-0.592215203348085
"1563",-0.112524923808544,-0.436809039823078
"1564",-0.223976133758493,-0.121282349477438
"1565",-0.362782856294378,-0.20164012125107
"1566",-0.217247867695806,-0.424710366381557
"1567",0.301011701200815,-0.33365755036769
"1568",0.130669092153426,-0.234335527537551
"1569",-0.451959081093481,-0.308300683709673
"1570",-0.251713067323039,-0.305981644159722
"1571",0.208707824377106,-0.157029123592802
"1572",0.159657086527813,-0.0570510566794524
"1573",0.0388992046997714,-0.156205254279003
"1574",0.0486635817521967,-0.196300227550525
"1575",-0.0957729144279768,-0.0269340562083779
"1576",-0.288634618052522,-0.0895176103787668
"1577",-0.390184139397746,-0.425976684030543
"1578",-0.428844969789693,-0.407363340274357
"1579",-0.35086726492259,-0.0732843335291096
"1580",-0.298841443440136,-0.0899142881965215
"1581",-0.312786194418131,-0.319346635250229
"1582",-0.240239924286439,-0.249195688864211
"1583",-0.224952571463736,-0.1064984723465
"1584",-0.242894614297567,-0.103279279287029
"1585",-0.162735181432813,-0.0239742294143614
"1586",-0.129505785776278,0.098049970062667
"1587",-0.0797227196480526,0.0410961895365671
"1588",-0.0162390119681432,-0.185818779058312
"1589",-0.0285970516751191,-0.221260416390787
"1590",-0.0194124345101814,0.0360919462971991
"1591",-0.142748722153629,0.0763089742818761
"1592",-0.119115878318931,-0.148058102175886
"1593",0.374488638520316,-0.208734551453223
"1594",0.497412991506865,-0.125142329780975
"1595",0.127236303345932,0.00447977558997191
"1596",0.0697027629323445,0.154301935988124
"1597",-0.029954910358972,0.177934779822822
"1598",-0.251758837840472,0.0647595470495542
"1599",0.0810996217732223,-0.0795243807391752
"1600",0.461589933195779,-0.0562729578830872
"1601",0.413927567708628,0.0998350202425635
"1602",0.304108839547131,0.0829609561488409
"1603",0.119653654291158,0.0623642233038811
"1604",-0.0224638023390644,0.263617188457855
"1605",-0.000188817188218976,0.307739967263502
"1606",-0.0593853530685478,0.0348561423265015
"1607",0.14813817297378,-0.0883275769255024
"1608",0.629842355280384,0.113672973346548
"1609",0.655046653546957,0.186661691813427
"1610",0.393193523311368,0.045032454035826
"1611",0.350184493763263,0.10082671478695
"1612",0.316772016036995,0.285861659930411
"1613",0.160953917855089,0.314895424822232
"1614",0.12494777747427,0.249489355410127
"1615",0.258597688379342,0.224834303352753
"1616",0.301179526431404,0.302628926150123
"1617",0.196792233005319,0.358163820635792
"1618",0.143240727608423,0.278675688693392
"1619",0.239953830944868,0.195052953342855
"1620",0.341305013381214,0.206068391205123
"1621",0.0868056796132334,0.320433657431655
"1622",-0.100151627262424,0.34533281891534
"1623",0.396519514244851,0.143530607552167
"1624",0.727119961665172,0.0956699031561383
"1625",0.504812558491906,0.333279915991252
"1626",0.386816164549003,0.447507870665485
"1627",0.203276389641695,0.309204623821366
"1628",0.0159376617874273,0.177110910509024
"1629",0.01000275136025,0.216137905040436
"1630",-0.081873933967415,0.17550894239886
"1631",0.181001404490849,-0.0315263647908467
"1632",0.622839466113098,0.0436898521911176
"1633",0.611671459859386,0.3259108626845
"1634",0.375281994155826,0.317199207533039
"1635",0.0723269392651839,0.140021534548952
"1636",0.218334889877232,0.0683449042484916
"1637",0.706889392959678,0.0629439831913688
"1638",0.458019832835986,0.0824269667787864
"1639",0.06460697865811,0.129692654448183
"1640",0.117700778880673,0.110911485461409
"1641",-0.0203278448588463,-0.0165288919118871
"1642",-0.181668918811031,0.0107655933174707
"1643",-0.0996328947315137,0.168246686966119
"1644",0.185349603647008,0.0377701986030847
"1645",0.277134747939806,-0.141985880196409
"1646",-0.109824463279983,-0.0201447627891133
"1647",0.0955783621212718,0.017066667884114
"1648",0.658067507697551,-0.12318945437049
"1649",0.38428352925103,-0.0956203460365326
"1650",0.109751965686433,0.0237491634293676
"1651",0.151860841725017,0.0295315054651008
"1652",0.00147417827852222,-0.0527791417190163
"1653",0.0364275967583762,-0.16566449454854
"1654",-0.0163610666812985,-0.196101888641648
"1655",-0.302167434373618,-0.10428623067056
"1656",-0.170058464222132,-0.124379487823754
"1657",0.284381746533403,-0.289717853631776
"1658",0.408770756077816,-0.251285875826995
"1659",-0.0141488250053584,0.000497740573279683
"1660",-0.293882970718201,0.0659190668245297
"1661",-0.096001767015143,-0.100502534562745
"1662",-0.054350596150891,-0.100121113584135
"1663",-0.0931945086125707,0.0963106904002037
"1664",0.0156782955219723,0.0499909267577608
"1665",-0.086878177206783,-0.0686309975900631
"1666",-0.321330024339003,0.0818319500521542
"1667",-0.533186492698345,-0.083750525182178
"1668",-0.632828909150517,-0.615176746260429
"1669",-0.551632011223942,-0.631135400005487
"1670",-0.555446221010046,-0.265551020427023
"1671",-0.645507342479525,-0.164123553794954
"1672",-0.581977864282183,-0.197139353703468
"1673",-0.509355309954769,-0.195781495019615
"1674",-0.580635262437474,-0.265184856287557
"1675",-0.610889574460849,-0.35933481064774
"1676",-0.496966756569504,-0.306515633529776
"1677",-0.472845693882185,-0.184064242556704
"1678",-0.546215833327675,-0.268938038717083
"1679",-0.647917923064343,-0.33040784362993
"1680",-0.709723378438367,-0.0683258608071748
"1681",-0.308209142674806,0.0989806372504763
"1682",0.166202270520767,-0.0557542253521771
"1683",0.0885297024365522,-0.16815135932908
"1684",-0.0476833574447818,-0.111304376676991
"1685",-0.149126080915995,-0.0592938120336813
"1686",-0.345222234439156,-0.0929656560254045
"1687",-0.305264572719934,-0.107703762638909
"1688",-0.325281545677406,-0.0864509857107394
"1689",-0.381762364190029,-0.220345006042122
"1690",-0.161835027923292,-0.333047276801913
"1691",-0.0637640659029948,-0.0778766421115784
"1692",-0.0663119580401121,0.224040947717243
"1693",0.00913311152901838,0.173632351184097
"1694",0.029577275982534,0.00167251718739961
"1695",0.136344636315148,-0.0542285414377357
"1696",0.149526545335922,-0.0544116235074686
"1697",-0.0180393189871841,-0.0301685061069938
"1698",0.101528529387594,-0.00121102541089476
"1699",0.33334094334783,-0.0360729028558822
"1700",0.138022888621033,-0.13570006246891
"1701",-0.0988242822568597,-0.165206789374208
"1702",0.26557006386834,0.00907208417244072
"1703",0.780793521775223,0.223247592081734
"1704",0.797759126903812,0.199187556750992
"1705",0.660218722016914,0.0207435661179179
"1706",0.583949783133985,-0.074550651178096
"1707",0.298845230042308,-0.0741539733603412
"1708",-0.0355083998075389,0.00022311746868022
"1709",-0.168273414042235,0.124139164999616
"1710",-0.0161017004158435,0.153798460296358
"1711",0.360162466563711,0.119882506878324
"1712",0.514912586005508,0.113001672424193
"1713",0.339260596935863,0.0424082777029867
"1714",0.241220148593854,0.0617539497381045
"1715",0.242715318830007,0.243539188143805
"1716",0.242196586299097,0.173418755436075
"1717",0.366234688543188,-0.06167387894021
"1718",0.409976046370225,0.0243289233168554
"1719",0.299989492978139,0.26401386627561
"1720",0.263144226444378,0.337506060434255
"1721",0.126076783570957,0.262610237074323
"1722",0.00679881513992293,0.179292638506675
"1723",0.167056653512854,0.230723443262497
"1724",0.23350018798678,0.270192886129097
"1725",0.245507320393435,0.240670902384655
"1726",0.279987776859812,0.331189729028467
"1727",0.06747526441726,0.373893621793684
"1728",0.087675319444465,0.308716404968744
"1729",0.294008812033529,0.354914113898032
"1730",0.100262211738607,0.394887032456398
"1731",-0.0669985158016107,0.354776802345732
"1732",-0.0825910054072025,0.352610331187225
"1733",-0.200617913028394,0.348048536283045
"1734",-0.198466698709032,0.244088434353004
"1735",-0.168349698237957,0.0301722927091662
"1736",-0.129124364797667,-0.0362559849256152
"1737",-0.0642217710773273,0.117502439971796
"1738",-0.249271973059933,0.0893535717503506
"1739",-0.428585603524238,-0.0535114699979482
"1740",-0.277634437029399,0.0820608026393204
"1741",0.0966005703439476,0.276310878626008
"1742",0.304886938343496,0.155522483119677
"1743",0.0497315604923058,-0.103325049804462
"1744",-0.221138361677632,-0.00629155284598484
"1745",-0.370716412649473,0.322462817037862
"1746",-0.586539659186363,0.225993823127728
"1747",-0.390077341523735,-0.0617806768142209
"1748",-0.124852449837231,0.0551629952277174
"1749",-0.33562568261732,0.168658621623018
"1750",-0.301282537703242,-0.0582258332935723
"1751",-0.114615110771329,-0.180158491735734
"1752",-0.418989051702401,-0.0711941465663248
"1753",-0.687814557426987,-0.0536487815502479
"1754",-0.595083489107235,-0.130192343537776
"1755",-0.331338510817739,-0.10584242826329
"1756",-0.0467069197395392,-0.0454863726079861
"1757",-0.10922944655335,-0.00647463491571781
"1758",-0.303815173001215,0.0349934538788012
"1759",-0.231040050282357,-0.0527486280407274
"1760",-0.226768135321921,-0.142031650713842
"1761",-0.37471370450531,-0.0514365398743078
"1762",-0.428158412028194,-0.0524434912578392
"1763",-0.343650780007282,-0.168166616168224
"1764",-0.195674697145604,-0.172026596471761
"1765",-0.251529985253306,-0.186871500959277
"1766",-0.268709186129917,-0.24608329367875
"1767",-0.0694853805821503,-0.239355027616063
"1768",-0.229300770619894,-0.175474642118399
"1769",-0.27801585800801,-0.0733911314031205
"1770",0.266561758412727,-0.0569442588054415
"1771",0.447233247560885,-0.106513729185645
"1772",0.196990571914196,-0.103798011817939
"1773",-0.026903542530089,-0.224433838932826
"1774",-0.15940919049933,-0.434367945559971
"1775",0.317855251616249,-0.455437640418408
"1776",0.737464098605085,-0.358495684494797
"1777",0.30831972715099,-0.302609882708806
"1778",0.0380600785468286,-0.284896692462141
"1779",0.0889111234151626,-0.281952122507269
"1780",-0.127430855652637,-0.281463903654648
"1781",-0.179761813917979,-0.329431405924687
"1782",0.00411361145050596,-0.375140896001353
"1783",0.0249086832043431,-0.269197404982538
"1784",-0.114172662436141,-0.109305730749073
"1785",-0.177122380745996,-0.131016212851575
"1786",-0.0590344457682263,-0.236746108122368
"1787",-0.0143013933968025,-0.14755462648412
"1788",-0.0648930719996815,0.00045197005584644
"1789",0.0105214838911601,-0.0768544338889026
"1790",0.159504518136369,-0.212213110778149
"1791",0.226924490315538,-0.235601845186537
"1792",0.101925207205348,-0.27670376984159
"1793",0.00332025581499639,-0.272569166433454
"1794",0.0661479194116959,-0.115972969455182
"1795",-0.00116525489346151,-0.0473782206618935
"1796",-0.118520861592299,-0.167159664784693
"1797",-0.138278468284316,-0.183347171116917
"1798",-0.185773008540879,-0.0689971617295291
"1799",-0.307034366060686,-0.0735894703119979
"1800",-0.445017219282773,-0.123631902705678
"1801",-0.166274768114317,-0.11589668525946
"1802",0.391728866753505,-0.130466966642376
"1803",0.474542989629387,-0.113714957261808
"1804",0.324156326182892,-0.0759542803793821
"1805",0.256721097164579,-0.0565933515051199
"1806",0.165012237067503,0.00225227707488737
"1807",0.249794492193015,-0.00841225348705847
"1808",0.263006914892078,-0.0802109385006738
"1809",0.0733796611661485,-0.017337504386541
"1810",-0.0641607437207496,0.168811190014462
"1811",-0.166885041680093,0.280826903012754
"1812",0.0628982126739356,0.115534307722166
"1813",0.465327858786161,-0.097252827824985
"1814",0.433791972274656,0.0205909977264738
"1815",0.242822116704018,0.148107659295491
"1816",0.132972874864232,0.108088970219692
"1817",-0.0178562369174511,0.275517522990498
"1818",-0.153367482198142,0.401661069036518
"1819",-0.139453244898436,0.166934598799699
"1820",0.257209316017201,0.0256257546441306
"1821",0.61209865135543,0.146505691185328
"1822",0.374946343694648,0.196380298348419
"1823",-0.017703668526007,0.177873752466244
"1824",-0.0742760280734965,0.214276570664818
"1825",0.190857322578141,0.19963000508618
"1826",0.251976220190666,0.180558956155661
"1827",-0.0652134656217142,0.273747729649746
"1828",0.105693646474019,0.310028493135164
"1829",0.593927755934432,0.259223218784263
"1830",0.492500289302363,0.311462636014739
"1831",0.219616464365363,0.307739967263502
"1832",0.206983801553788,0.124673154369671
"1833",0.26373924317101,0.0905130915253261
"1834",0.21162188065369,0.254569882845217
"1835",0.0597553038101862,0.334073271626762
"1836",0.236582069493952,0.382315397001401
"1837",0.458126630709997,0.431167795941816
"1838",0.285434468434368,0.302094936780068
"1839",0.248665486096328,0.208768851733684
"1840",0.289508044485926,0.316680475002129
"1841",0.201018377448321,0.312271248489393
"1842",0.219738519078518,0.214764789517439
"1843",0.0646680060146877,0.267431398243958
"1844",0.0840899622455276,0.264074893632187
"1845",0.569364244911924,0.109233233155523
"1846",0.635868806742428,0.0831898087360071
"1847",0.218350146716377,0.242944171417173
"1848",-0.0173985317431187,0.357858683852904
"1849",0.158833217214015,0.298875743720597
"1850",0.53741642374352,0.155278373693366
"1851",0.496619635871355,0.0362140010103544
"1852",0.194213827189913,0.0175548867367353
"1853",0.0887127845062852,0.137488899250979
"1854",-0.0784258883207773,0.180162278337907
"1855",-0.0377969256792011,0.00808038962805377
"1856",0.288501093102395,-0.0676545598848206
"1857",0.247124545342743,0.0471989251943329
"1858",0.0654766184893417,0.0042661798419501
"1859",0.0969667344834135,-0.173384455155614
"1860",0.0527981851603331,-0.141711257091809
"1861",-0.0287496200665632,-0.0294819483454951
"1862",0.00536467226034796,-0.16044665556115
"1863",-0.0385902813147107,-0.313625320571074
"1864",-0.146913839240055,-0.181073902084399
"1865",0.095547848442983,-0.036027132338449
"1866",0.393254550667946,-0.106040767172168
"1867",0.120538550961534,-0.170317830487587
"1868",-0.151445120465946,-0.236990217548679
"1869",-0.204035444996743,-0.338021006362993
"1870",-0.378390602739114,-0.178007277416372
"1871",-0.0800583701092297,-0.0312669985253916
"1872",0.166400609429645,-0.289061809548566
"1873",-0.332284434844693,-0.396332645572945
"1874",-0.320338329794616,-0.120504250681073
"1875",0.0435372837996734,-0.0473477069836047
"1876",-0.24763949127148,-0.19576623818047
"1877",-0.368122749994923,-0.166900298519238
"1878",-0.155274587091194,0.0242068686037001
"1879",-0.113364049961487,0.0884686750799746
"1880",-0.0966120405809196,-0.128880255371357
"1881",-0.217873398100727,-0.343467697937549
"1882",-0.225196680890046,-0.314403419367439
"1883",-0.138034358858005,-0.290724805015307
"1884",-0.469916380766457,-0.412749004492336
"1885",-0.672344122534551,-0.445581722331116
"1886",-0.580894628702929,-0.273774456725863
"1887",-0.575493707645807,-0.210397546919964
"1888",-0.410216369194363,-0.442042135649612
"1889",-0.467551570699073,-0.518036451427941
"1890",-0.656660091894093,-0.28817691287819
"1891",-0.226737621643632,-0.225303478764057
"1892",-0.0390632433281875,-0.30055020942431
"1893",-0.459129795491356,-0.216149375277408
"1894",-0.558345020447485,-0.155076248182317
"1895",-0.606892282605012,-0.167037610071538
"1896",-0.676021020768355,-0.0492395550375121
"1897",-0.26446778484777,0.0298366422479891
"1898",-0.045227006342531,-0.0947049356878678
"1899",-0.345603655417767,-0.156418850027025
"1900",-0.428890740307126,-0.0839946346084887
"1901",-0.376193617902318,-0.107413882695165
"1902",-0.537336352945626,-0.186429052624089
"1903",-0.614703784246952,-0.184857598192214
"1904",-0.466697187706986,-0.0973443688598515
"1905",-0.322825194575156,0.0798638178025247
"1906",-0.300412897872011,0.259162191427686
"1907",-0.280258613362239,0.311920341189072
"1908",-0.149095567237706,0.200270792330245
"1909",-0.0502465064210434,0.0639204208966114
"1910",-0.121724797812626,0.0938085687805197
"1911",-0.143892985089461,0.17122177059928
"1912",0.00274049592750864,0.137946604425311
"1913",0.0246950874563213,0.0898570474421163
"1914",-0.0754050341701832,0.079726506250225
"1915",0.0248171421694766,0.0465123674328343
"1916",0.176637948495547,0.00344231052815171
"1917",0.135413969127338,0.134269706191507
"1918",0.126137810927534,0.356561852525629
"1919",0.210080939900104,0.263861297884165
"1920",0.097683805923201,0.0325371027765505
"1921",-0.0899600587139548,-0.00613898445454069
"1922",0.0222387363540706,-0.0405736704034846
"1923",0.266836381517326,0.0249239400434875
"1924",0.37515993944267,0.27013185877252
"1925",0.422684993377522,0.326231256306532
"1926",0.271077782799474,0.215207237852627
"1927",-0.0424807752965364,0.182344006335558
"1928",0.0331016058248938,0.188523026189046
"1929",0.412188288046165,0.135566537518783
"1930",0.403949594908181,0.0916268407828684
"1931",0.0755156186463665,0.199858857673346
"1932",0.0675057780955488,0.259482585049718
"1933",0.310928646644685,0.148824730735279
"1934",0.254539369166928,0.219662234882796
"1935",0.0574972916168128,0.449064068258215
"1936",0.169024785762484,0.477228193318804
"1937",0.498297888177241,0.355799010568408
"1938",0.707942114860643,0.326963584585464
"1939",0.463832688550008,0.339504706362173
"1940",-0.0169255697296419,0.179109556436942
"1941",0.146383636472173,0.046207230649946
"1942",0.568052156745505,0.213422187672731
"1943",0.246636326490121,0.408190996190328
"1944",-0.301572417646986,0.417268815481255
"1945",-0.193157318686775,0.304947965700074
"1946",0.270284427163964,0.200316562847678
"1947",0.346705934438337,0.285739605217256
"1948",0.014823912529885,0.321532149850053
"1949",-0.101784109050876,0.0932288088930319
"1950",-0.00452175950523274,-0.0570968271968856
"1951",-0.166671445932072,-0.0391700412021984
"1952",-0.304150823462392,-0.0477138711230706
"1953",-0.137622424201106,-0.052733371201583
"1954",-0.0684936860377634,-0.0261407005728683
"1955",-0.179258338226214,-0.00684079905518376
"1956",-0.204096472353321,0.0209419050267953
"1957",-0.145739062625935,0.0581380788608782
"1958",-0.0815840540236712,0.0165937058706371
"1959",-0.0531758195367711,-0.0846506786916985
"1960",-0.0415501081087271,-0.0594768941034143
"1961",0.0344899781870355,0.0334982836426486
"1962",0.102321885023103,0.0217657743405937
"1963",0.162189721825786,-0.0682648334505972
"1964",0.171908328360778,-0.19904645859652
"1965",-0.083491158916723,-0.227286867852831
"1966",-0.216301943668852,-0.0782885767684776
"1967",0.14018935977954,-0.0588666205376377
"1968",0.387929913806545,-0.245610331665273
"1969",0.135581794357927,-0.289229634779155
"1970",-0.277985344329721,-0.177946250059794
"1971",-0.391633539116466,-0.185513642275424
"1972",-0.096810379489797,-0.197627572556089
"1973",0.0897655064072498,-0.106895150164255
"1974",-0.0069781106074835,-0.149400704020594
"1975",-0.0566086083442644,-0.219154972588858
"1976",-0.0591259868030928,-0.131885852682806
"1977",-0.0813704582756493,-0.133228454527515
"1978",-0.256046009640053,-0.250065328695442
"1979",-0.432689693254086,-0.282974330729945
"1980",-0.298154885678637,-0.222953925535817
"1981",-0.344459392481936,-0.172026596471761
"1982",-0.564646095014128,-0.241582526131148
"1983",-0.532866099076312,-0.263796483925415
"1984",-0.527770314802078,-0.123372536440223
"1985",-0.295134031528043,-0.105262668375803
"1986",0.0390517730912155,-0.257007190506151
"1987",-0.0789903913691207,-0.38397460586597
"1988",-0.163253913963723,-0.428844969789693
"1989",-0.417066689970205,-0.447519340902457
"1990",-0.718221437841806,-0.518768779706873
"1991",-0.102913115147563,-0.476568362633422
"1992",0.360406575990021,-0.313243899592463
"1993",0.0452002792664146,-0.263308265072794
"1994",-0.0448913558813539,-0.187695370273075
"1995",-0.0730249672636545,-0.14717320550551
"1996",-0.191082388563135,-0.361730134393413
"1997",-0.192257165177255,-0.433254196302429
"1998",-0.240529804230183,-0.188046277573397
"1999",-0.133960782806447,-0.0318772720911682
"2000",-0.125050788746108,-0.108283522526397
"2001",-0.310665493777057,-0.165130505178486
"2002",-0.201655378090214,-0.0232876716528628
"2003",-0.0575392755320736,0.094373071828863
"2004",-0.0980309266213501,0.0183482423722448
"2005",-0.15380993053333,-0.0929961697036933
"2006",-0.246098550517894,-0.179044742478192
"2007",-0.30303707420485,-0.170180518935287
"2008",-0.23865321301542,-0.0828351148335131
"2009",-0.0206024679634458,-0.106361160794201
"2010",0.091428501873991,-0.0802719658572515
"2011",-0.0323502341046451,0.0827931309182523
"2012",-0.0584241722024497,0.143698432782756
"2013",-0.0358745639470048,0.13942651782232
"2014",-0.0182834284134948,0.102688049162569
"2015",-0.0933928475214481,-0.0627723713586079
"2016",-0.307095393417264,-0.126149281164506
"2017",0.027700684767771,0.0614182992769274
"2018",0.425309169710361,0.206358271148867
"2019",0.102611764966847,0.14658197538105
"2020",0.0670175592429276,0.132698251759633
"2021",0.424042852061375,0.249763978514726
"2022",0.461864556300379,0.241387973824443
"2023",0.387533235988791,0.105174913943109
"2024",0.163089875335307,0.128365309442619
"2025",0.0245882895823104,0.322096652898396
"2026",0.111277649600874,0.356332999938463
"2027",-0.0873663960594043,0.108577189072313
"2028",-0.162475815167358,-0.0408025229906508
"2029",0.10995030459531,0.158940015088026
"2030",0.195113980699433,0.331815259433388
"2031",0.159535031814658,0.218853622408142
"2032",0.16717870822601,0.198516255828637
"2033",0.249657180640715,0.417131503928955
"2034",0.362862927092272,0.401340675414486
"2035",0.367516263031319,0.0948918043597731
"2036",0.396214377461962,0.0132677149371547
"2037",0.317534857994216,0.203520499068005
"2038",0.187790697910114,0.273335794992847
"2039",0.493842891147072,0.143149186573557
"2040",0.862875316372174,0.0813589880386773
"2041",0.761508877096683,0.220150453735417
"2042",0.570493251008611,0.322874751694761
"2043",0.629079513323163,0.276783840639485
"2044",0.609352420309435,0.267538196117969
"2045",0.485131235995611,0.248711256613762
"2046",0.54263426273091,0.10175738197476
"2047",0.476114444061262,0.0115131784355471
"2048",0.267599223474547,0.104152705720433
"2049",0.4395438006321,0.214276570664818
"2050",0.72455681268891,0.235437806558121
"2051",0.731178280877586,0.318084104203415
"2052",0.521106862698141,0.397160301488916
"2053",0.17865185126261,0.223552728864622
"2054",0.0492433416396845,0.0987670415024545
"2055",0.0946171812551737,0.308945257555911
"2056",0.0673837233823935,0.365212480320512
"2057",0.114206962716602,0.0539577049353086
"2058",0.073547486396737,-0.0651219245868477
"2059",0.0669565318863499,0.131004742614603
"2060",0.346782218634059,0.14813817297378
"2061",0.40826728038605,0.0106130249260266
"2062",0.242410182047118,0.0626998737650582
"2063",0.230814984297363,0.108897582694346
"2064",0.256919436073457,-0.0011499980543171
"2065",0.245217440449691,-0.0552812633387003
"2066",0.14540719876693,-0.051665392461474
"2067",0.0634016883657013,-0.0409550913820949
"2068",0.092862644753566,-0.0359966186601602
"2069",0.0227574688849807,-0.102485923651519
"2070",-0.0418247312133266,-0.109397271783939
"2071",-0.172087623828339,-0.0403905883337516
"2072",-0.38957386583197,-0.10988549063656
"2073",-0.125691575990174,-0.294767867388577
"2074",0.266882152034759,-0.322138636813657
"2075",0.155949674615721,-0.144610056529248
"2076",-0.0847269628874206,-0.156647702614191
"2077",-0.261782581158353,-0.35608510390998
"2078",-0.321925041065635,-0.233160750923431
"2079",-0.303357467826883,-0.0620552999188204
"2080",-0.552394853181163,-0.232855614140542
"2081",-0.543057667624781,-0.236471485017769
"2082",-0.0684174018420413,-0.0510856325739863
"2083",0.00910259785072955,-0.193615023861108
"2084",-0.173720105616791,-0.397034460173589
"2085",-0.194377865818329,-0.250339951800042
"2086",-0.375308721231942,-0.0545947055772016
"2087",-0.524886772203783,-0.17271315423326
"2088",-0.485600411406916,-0.344871327138835
"2089",-0.49774485536587,-0.231711351204711
"2090",-0.527022729684001,-0.12643916110825
"2091",-0.670711640746098,-0.230002585220537
"2092",-0.682139013265265,-0.182782668068574
"2093",-0.258853268042625,0.0516691790636464
"2094",-0.0689819048903847,0.12781606323342
"2095",-0.288512563339367,0.00119955517392276
"2096",-0.458366953534135,-0.152833492828088
"2097",-0.68018613785478,-0.236883419674668
"2098",-0.697212770339947,-0.286910595229204
"2099",-0.34513069340429,-0.337105596014328
"2100",-0.304028768749237,-0.254001593194701
"2101",-0.550152097826934,-0.0849405586354424
"2102",-0.569314687792319,-0.1409179014563
"2103",-0.508211047018938,-0.284362703092086
"2104",-0.527968653710955,-0.1465171614223
"2105",-0.543011897107348,0.0120166541273127
"2106",-0.605656478634314,-0.112997885822021
"2107",-0.692605204918333,-0.217903911779016
"2108",-0.521194617130835,-0.0629707102674853
"2109",-0.150850103739314,0.156148013524598
"2110",-0.079112446082276,0.190186021655787
"2111",-0.232336881609632,0.0978363743146452
"2112",-0.297971803608904,0.0543238690747746
"2113",-0.408232980105589,-0.0847269628874206
"2114",-0.459022997617345,-0.283828713722032
"2115",-0.414747650420254,-0.1865358504981
"2116",-0.483311885535253,-0.0132486714958379
"2117",-0.495868264151107,-0.104713422166604
"2118",-0.441904824097312,-0.132938574583771
"2119",-0.310314586476736,0.112452426214994
"2120",-0.00179078529838251,0.325682010097334
"2121",0.1211793382056,0.2919033682316
"2122",0.216061620844714,0.17865185126261
"2123",0.415422737944781,0.184403679620054
"2124",0.169574031971683,0.161182770442255
"2125",0.0146103167818632,0.0269073291322614
"2126",0.360040411850555,0.0374650618201964
"2127",0.369667477350681,0.217724616311456
"2128",0.259726694476029,0.270192886129097
"2129",0.456265296334379,0.115412253009011
"2130",0.412112003850443,0.0437813932259841
"2131",0.264502085128231,0.214657991643428
"2132",0.288699432011272,0.336773732155323
"2133",0.312103423258805,0.24355444498295
"2134",0.448377510496716,0.148016118260625
"2135",0.502524032620244,0.111628556901196
"2136",0.298753689007442,0.0378769964770956
"2137",0.250725159380824,0.0269378428105503
"2138",0.460979659630003,0.190262305851509
"2139",0.567396112662295,0.310486198309497
"2140",0.3939258515903,0.235819227536731
"2141",0.295610780143692,0.234507139370312
"2142",0.526629838468419,0.247109288503598
"2143",0.584575313538906,-0.0030265892690801
"2144",0.340954106080893,-0.104087891761683
"2145",0.369575936315814,0.126244608801545
"2146",0.572308814866796,0.175981904412337
"2147",0.521274687928729,0.0648510880844207
"2148",0.496146673857878,0.083113524540285
"2149",0.661454525987611,0.0933356067670428
"2150",0.61807933230004,0.101650584100749
"2151",0.480584697930576,0.215085183139472
"2152",0.612464815494896,0.267355114048236
"2153",0.684690692004555,0.165363144367824
"2154",0.538102981505019,0.0555749298846166
"2155",0.416155066223712,0.0708165121898868
"2156",0.324354665091769,0.170931890655536
"2157",0.319304651334968,0.245980282406911
"2158",0.290530252708602,0.25292214421762
"2159",0.139868966157508,0.186860030722305
"2160",0.0926948195229774,0.0850816567899145
"2161",0.0240237865339671,0.0511809602110252
"2162",9.52172065841459e-06,0.0985381889152882
"2163",0.0711216489727751,0.084807033685315
"2164",-0.165389871443941,0.00498325128173759
"2165",-0.16514576201763,0.00652419203532347
"2166",0.24407317751386,-0.0109296319458869
"2167",0.103420377441501,-0.1353186414903
"2168",-0.255817157052886,-0.0837657820213224
"2169",-0.183926931004405,0.150228359936565
"2170",0.0338034204255369,0.114542613177779
"2171",0.205641199709079,-0.177610599598617
"2172",0.00443400507253866,-0.211709635086384
"2173",-0.425839372478243,-0.0371103679177024
"2174",-0.542844071876759,-0.137241003222496
"2175",-0.53983847456531,-0.306485119851488
"2176",-0.43792278908062,-0.166259511275172
"2177",-0.214913571306711,-0.107368112177732
"2178",-0.208353130474612,-0.289321175814021
"2179",-0.286712256320326,-0.252216543014805
"2180",-0.322489544113979,-0.0936979843043364
"2181",-0.330865548804262,-0.193859133287419
"2182",-0.350455330265691,-0.312069122978343
"2183",-0.493625508796878,-0.2146694618804
"2184",-0.477773652925831,-0.143664132502294
"2185",-0.453622076560222,-0.223716767493038
"2186",-0.692086472387423,-0.244542352925164
"2187",-0.629457147699601,-0.105613575676124
"2188",-0.377887127047348,-0.0341200274453972
"2189",-0.547634719368105,-0.116430674629514
"2190",-0.796809416274686,-0.08161456770196
"2191",-0.591254022481987,0.000406199538413196
"2192",-0.0960322806934318,-0.147341030736098
"2193",-0.0954982913233773,-0.202082569586258
"2194",-0.618716332941933,-0.0178257232391623
"2195",-0.655073380623073,-0.0162084982898544
"2196",-0.309322891932349,-0.0894413261830447
"2197",-0.315669737016425,0.0191873685251876
"2198",-0.473669563195983,0.0188059475465773
"2199",-0.63978602780037,-0.135257614133722
"2200",-0.76399195527505,-0.149599042929472
"2201",-0.67666180801242,-0.0321518951957677
"2202",-0.670482788158932,-0.083491158916723
"2203",-0.733874954803975,-0.324778069985641
"2204",-0.62011996214322,-0.350043395608791
"2205",-0.502871153318393,-0.224540636806836
